Age,Attrition,Department,EducationField,Gender,JobRole,,NumCompaniesWorked,TotalWorkingYears
41,Yes,Sales,Life Sciences,Female,Sales Executive,,8,8
49,No,Research & Development,Life Sciences,Male,Research Scientist,,1,10
37,Yes,Research & Development,Other,Male,Laboratory Technician,,6,7
33,No,Research & Development,Life Sciences,Female,Research Scientist,,1,8
27,No,Research & Development,Medical,Male,Laboratory Technician,,9,6
32,No,Research & Development,Life Sciences,Male,Laboratory Technician,,0,8
59,No,Research & Development,Medical,Female,Laboratory Technician,,4,12
30,No,Research & Development,Life Sciences,Male,Laboratory Technician,,1,1
38,No,Research & Development,Life Sciences,Male,Manufacturing Director,,0,10
36,No,Research & Development,Medical,Male,Healthcare Representative,,6,17
35,No,Research & Development,Medical,Male,Laboratory Technician,,0,6
29,No,Research & Development,Life Sciences,Female,Laboratory Technician,,0,10
31,No,Research & Development,Life Sciences,Male,Research Scientist,,1,5
34,No,Research & Development,Medical,Male,Laboratory Technician,,0,3
28,Yes,Research & Development,Life Sciences,Male,Laboratory Technician,,5,6
29,No,Research & Development,Life Sciences,Female,Manufacturing Director,,1,10
32,No,Research & Development,Life Sciences,Male,Research Scientist,,0,7
22,No,Research & Development,Medical,Male,Laboratory Technician,,1,1
53,No,Sales,Life Sciences,Female,Manager,,2,31
38,No,Research & Development,Life Sciences,Male,Research Scientist,,5,6
24,No,Research & Development,Other,Female,Manufacturing Director,,0,5
36,Yes,Sales,Life Sciences,Male,Sales Representative,,7,10
34,No,Research & Development,Life Sciences,Female,Research Director,,0,13
21,No,Research & Development,Life Sciences,Male,Research Scientist,,1,0
34,Yes,Research & Development,Medical,Male,Research Scientist,,2,8
53,No,Research & Development,Other,Female,Manager,,4,26
32,Yes,Research & Development,Life Sciences,Female,Research Scientist,,1,10
42,No,Sales,Marketing,Male,Sales Executive,,0,10
44,No,Research & Development,Medical,Female,Healthcare Representative,,3,24
46,No,Sales,Marketing,Female,Manager,,3,22
33,No,Research & Development,Medical,Male,Laboratory Technician,,4,7
44,No,Research & Development,Other,Male,Healthcare Representative,,2,9
30,No,Research & Development,Medical,Male,Laboratory Technician,,1,10
39,Yes,Sales,Technical Degree,Male,Sales Representative,,3,19
24,Yes,Research & Development,Medical,Male,Research Scientist,,2,6
43,No,Research & Development,Medical,Female,Research Scientist,,1,6
50,Yes,Sales,Marketing,Male,Sales Representative,,1,3
35,No,Sales,Marketing,Female,Sales Representative,,1,2
36,No,Research & Development,Life Sciences,Female,Research Scientist,,9,6
33,No,Sales,Life Sciences,Female,Sales Executive,,2,10
35,No,Research & Development,Other,Male,Laboratory Technician,,1,1
27,No,Research & Development,Life Sciences,Female,Laboratory Technician,,1,1
26,Yes,Research & Development,Life Sciences,Male,Laboratory Technician,,1,1
27,No,Sales,Life Sciences,Male,Sales Executive,,1,9
30,No,Research & Development,Medical,Female,Laboratory Technician,,1,12
41,Yes,Research & Development,Technical Degree,Female,Research Director,,1,23
34,No,Sales,Marketing,Male,Sales Executive,,0,10
37,No,Research & Development,Life Sciences,Male,Research Scientist,,4,8
46,No,Sales,Marketing,Male,Sales Executive,,4,14
35,No,Research & Development,Life Sciences,Male,Laboratory Technician,,1,1
48,Yes,Research & Development,Life Sciences,Male,Laboratory Technician,,9,23
28,Yes,Research & Development,Technical Degree,Male,Laboratory Technician,,1,2
44,No,Sales,Marketing,Female,Sales Executive,,5,9
35,No,Research & Development,Medical,Male,Healthcare Representative,,2,10
26,No,Sales,Marketing,Female,Sales Executive,,7,5
33,No,Research & Development,Life Sciences,Female,Research Director,,1,15
35,No,Sales,Life Sciences,Male,Sales Executive,,1,9
35,No,Research & Development,Medical,Female,Laboratory Technician,,3,4
31,No,Research & Development,Life Sciences,Male,Laboratory Technician,,3,10
37,No,Research & Development,Life Sciences,Male,Manufacturing Director,,1,7
32,No,Research & Development,Medical,Male,Manufacturing Director,,1,9
38,No,Research & Development,Life Sciences,Female,Laboratory Technician,,1,10
50,No,Research & Development,Medical,Female,Research Director,,5,29
59,No,Sales,Life Sciences,Female,Sales Executive,,7,28
36,No,Research & Development,Technical Degree,Female,Healthcare Representative,,1,17
55,No,Research & Development,Medical,Female,Manager,,2,21
36,No,Research & Development,Life Sciences,Male,Manufacturing Director,,1,6
45,No,Research & Development,Life Sciences,Male,Research Scientist,,2,25
35,No,Research & Development,Medical,Male,Research Scientist,,4,5
36,Yes,Research & Development,Medical,Male,Research Scientist,,0,2
59,No,Sales,Life Sciences,Female,Sales Executive,,7,20
29,No,Research & Development,Life Sciences,Male,Research Scientist,,0,6
31,No,Research & Development,Medical,Male,Research Scientist,,1,1
32,No,Research & Development,Life Sciences,Male,Research Scientist,,1,10
36,No,Research & Development,Life Sciences,Female,Laboratory Technician,,3,5
31,No,Research & Development,Life Sciences,Female,Manufacturing Director,,1,11
35,No,Sales,Marketing,Male,Sales Executive,,0,16
45,No,Research & Development,Other,Male,Research Director,,4,17
37,No,Research & Development,Medical,Male,Research Director,,4,16
46,No,Human Resources,Medical,Male,Human Resources,,8,16
30,No,Research & Development,Life Sciences,Male,Laboratory Technician,,1,10
35,No,Research & Development,Medical,Male,Research Scientist,,1,6
55,No,Sales,Life Sciences,Male,Sales Executive,,3,24
38,No,Research & Development,Medical,Female,Research Scientist,,7,17
34,No,Research & Development,Medical,Male,Manufacturing Director,,1,5
56,No,Research & Development,Life Sciences,Male,Manufacturing Director,,4,37
23,No,Sales,Technical Degree,Male,Sales Representative,,3,3
51,No,Research & Development,Life Sciences,Male,Laboratory Technician,,3,10
30,No,Research & Development,Life Sciences,Male,Healthcare Representative,,1,11
46,Yes,Sales,Medical,Male,Sales Executive,,1,9
40,No,Research & Development,Life Sciences,Male,Healthcare Representative,,1,22
51,No,Sales,Marketing,Male,Sales Executive,,0,11
30,No,Sales,Medical,Female,Sales Executive,,1,11
46,No,Research & Development,Medical,Male,Healthcare Representative,,2,21
32,No,Sales,Medical,Male,Sales Executive,,1,12
54,No,Research & Development,Technical Degree,Female,Research Director,,9,16
24,No,Sales,Other,Female,Sales Executive,,0,4
28,No,Sales,Medical,Male,Sales Executive,,1,5
58,No,Sales,Medical,Male,Sales Executive,,0,38
44,No,Research & Development,Medical,Male,Laboratory Technician,,4,17
37,Yes,Human Resources,Human Resources,Male,Human Resources,,4,7
32,No,Research & Development,Life Sciences,Male,Research Scientist,,1,1
20,Yes,Research & Development,Life Sciences,Female,Laboratory Technician,,1,1
34,No,Research & Development,Other,Female,Research Scientist,,1,16
37,No,Research & Development,Life Sciences,Male,Healthcare Representative,,5,17
59,No,Human Resources,Human Resources,Female,Manager,,9,30
50,No,Research & Development,Life Sciences,Female,Research Director,,3,28
25,Yes,Sales,Marketing,Male,Sales Executive,,1,6
25,No,Research & Development,Medical,Male,Research Scientist,,1,2
22,No,Research & Development,Medical,Female,Laboratory Technician,,1,1
51,No,Research & Development,Medical,Female,Healthcare Representative,,3,23
34,Yes,Research & Development,Life Sciences,Male,Laboratory Technician,,1,9
54,No,Human Resources,Human Resources,Female,Manager,,2,23
24,No,Research & Development,Life Sciences,Male,Laboratory Technician,,0,6
34,No,Research & Development,Life Sciences,Female,Research Scientist,,6,12
37,No,Sales,Life Sciences,Male,Sales Executive,,2,12
34,No,Research & Development,Medical,Female,Manager,,2,14
36,No,Sales,Technical Degree,Female,Sales Executive,,0,10
36,No,Research & Development,Life Sciences,Female,Laboratory Technician,,5,7
43,No,Sales,Life Sciences,Male,Manager,,1,25
30,No,Research & Development,Life Sciences,Male,Research Scientist,,1,10
33,No,Sales,Marketing,Male,Sales Executive,,0,8
56,Yes,Research & Development,Life Sciences,Female,Research Scientist,,9,7
51,No,Research & Development,Life Sciences,Male,Research Director,,7,23
31,Yes,Sales,Life Sciences,Male,Sales Executive,,4,12
26,No,Research & Development,Other,Female,Research Scientist,,1,5
58,Yes,Research & Development,Medical,Female,Healthcare Representative,,1,40
19,Yes,Sales,Marketing,Male,Sales Representative,,1,0
22,No,Research & Development,Technical Degree,Male,Laboratory Technician,,0,3
49,No,Research & Development,Medical,Female,Manufacturing Director,,1,16
43,No,Research & Development,Medical,Female,Research Scientist,,4,18
50,No,Sales,Marketing,Female,Sales Executive,,4,16
31,Yes,Sales,Life Sciences,Female,Sales Executive,,3,4
41,No,Sales,Life Sciences,Male,Sales Executive,,3,12
26,No,Human Resources,Life Sciences,Female,Human Resources,,1,8
36,No,Research & Development,Medical,Male,Manufacturing Director,,6,7
51,Yes,Research & Development,Life Sciences,Male,Manufacturing Director,,2,18
39,No,Sales,Life Sciences,Female,Sales Executive,,4,17
25,No,Sales,Life Sciences,Male,Sales Executive,,2,6
30,No,Human Resources,Human Resources,Male,Human Resources,,0,12
32,Yes,Research & Development,Medical,Female,Laboratory Technician,,7,10
45,No,Research & Development,Medical,Male,Research Scientist,,5,9
38,No,Research & Development,Technical Degree,Female,Research Scientist,,3,19
30,No,Research & Development,Life Sciences,Female,Research Scientist,,1,5
32,No,Sales,Medical,Male,Sales Executive,,0,9
30,No,Research & Development,Technical Degree,Female,Research Scientist,,5,8
30,No,Research & Development,Medical,Male,Laboratory Technician,,0,6
41,No,Research & Development,Life Sciences,Male,Manager,,4,21
41,No,Research & Development,Life Sciences,Male,Laboratory Technician,,2,7
19,No,Research & Development,Medical,Female,Laboratory Technician,,1,1
40,No,Research & Development,Medical,Female,Research Scientist,,1,20
35,No,Sales,Marketing,Male,Sales Executive,,1,10
53,No,Sales,Marketing,Male,Sales Representative,,2,13
45,No,Research & Development,Life Sciences,Male,Laboratory Technician,,8,20
32,No,Sales,Marketing,Female,Sales Executive,,1,9
29,No,Research & Development,Technical Degree,Male,Manufacturing Director,,1,10
51,No,Research & Development,Medical,Male,Manufacturing Director,,2,10
58,No,Research & Development,Medical,Female,Research Scientist,,4,9
40,No,Sales,Marketing,Male,Sales Executive,,7,15
34,No,Sales,Marketing,Female,Sales Representative,,6,6
22,No,Research & Development,Medical,Male,Research Scientist,,1,2
27,No,Research & Development,Medical,Male,Research Scientist,,6,6
28,No,Research & Development,Medical,Male,Research Scientist,,1,5
57,No,Research & Development,Life Sciences,Male,Healthcare Representative,,3,12
27,No,Research & Development,Medical,Male,Research Scientist,,1,1
50,No,Research & Development,Life Sciences,Female,Manager,,3,21
41,No,Research & Development,Life Sciences,Male,Research Scientist,,4,13
30,No,Sales,Life Sciences,Female,Sales Executive,,2,12
38,No,Sales,Life Sciences,Female,Sales Executive,,4,12
32,No,Research & Development,Life Sciences,Male,Research Scientist,,3,8
27,No,Research & Development,Technical Degree,Male,Research Scientist,,0,6
19,Yes,Sales,Technical Degree,Female,Sales Representative,,0,1
36,No,Research & Development,Medical,Male,Laboratory Technician,,4,13
30,No,Research & Development,Medical,Male,Laboratory Technician,,1,12
45,No,Sales,Life Sciences,Female,Sales Executive,,4,9
56,No,Research & Development,Life Sciences,Female,Research Scientist,,4,19
33,No,Research & Development,Life Sciences,Male,Research Scientist,,0,4
19,Yes,Research & Development,Life Sciences,Male,Laboratory Technician,,1,1
46,No,Sales,Marketing,Female,Sales Executive,,1,24
38,No,Research & Development,Life Sciences,Female,Laboratory Technician,,1,2
31,No,Research & Development,Medical,Female,Research Scientist,,8,7
34,No,Research & Development,Medical,Female,Research Scientist,,2,9
41,Yes,Sales,Marketing,Female,Sales Representative,,1,4
50,No,Research & Development,Medical,Male,Laboratory Technician,,2,5
53,No,Research & Development,Medical,Female,Manufacturing Director,,1,5
33,No,Research & Development,Medical,Female,Research Scientist,,1,8
40,No,Research & Development,Medical,Female,Manager,,1,21
55,No,Research & Development,Medical,Male,Research Director,,8,36
34,No,Research & Development,Life Sciences,Male,Manufacturing Director,,1,10
51,No,Research & Development,Medical,Female,Healthcare Representative,,3,21
52,No,Research & Development,Life Sciences,Male,Manager,,0,34
27,No,Research & Development,Medical,Female,Research Scientist,,1,7
35,Yes,Research & Development,Life Sciences,Male,Manufacturing Director,,3,8
43,No,Research & Development,Medical,Male,Research Scientist,,4,7
45,No,Research & Development,Medical,Male,Manager,,9,22
37,No,Research & Development,Life Sciences,Male,Research Scientist,,1,8
35,No,Research & Development,Medical,Female,Laboratory Technician,,5,10
42,No,Research & Development,Medical,Female,Manufacturing Director,,2,11
38,No,Research & Development,Life Sciences,Male,Manufacturing Director,,9,14
38,No,Research & Development,Technical Degree,Male,Manufacturing Director,,3,9
27,No,Research & Development,Technical Degree,Male,Manufacturing Director,,5,6
49,No,Research & Development,Life Sciences,Male,Manufacturing Director,,1,7
34,No,Research & Development,Medical,Male,Research Scientist,,1,5
40,No,Research & Development,Medical,Male,Laboratory Technician,,8,15
38,Yes,Research & Development,Medical,Male,Healthcare Representative,,7,17
29,Yes,Sales,Marketing,Female,Sales Executive,,1,10
22,No,Research & Development,Life Sciences,Male,Research Scientist,,1,4
36,No,Research & Development,Medical,Female,Laboratory Technician,,1,8
40,No,Research & Development,Life Sciences,Male,Healthcare Representative,,9,5
46,No,Research & Development,Medical,Male,Healthcare Representative,,7,17
32,Yes,Sales,Medical,Male,Sales Executive,,1,14
30,No,Research & Development,Life Sciences,Male,Manufacturing Director,,1,12
27,No,Sales,Life Sciences,Female,Sales Executive,,1,7
51,No,Research & Development,Life Sciences,Male,Research Director,,5,16
30,Yes,Research & Development,Technical Degree,Female,Research Scientist,,5,8
41,No,Sales,Life Sciences,Female,Manager,,3,16
30,Yes,Sales,Marketing,Female,Sales Executive,,5,9
29,Yes,Research & Development,Technical Degree,Male,Research Scientist,,0,7
45,No,Sales,Medical,Female,Sales Executive,,6,23
54,No,Sales,Marketing,Female,Sales Executive,,2,16
36,No,Research & Development,Life Sciences,Male,Laboratory Technician,,8,16
33,No,Research & Development,Medical,Female,Research Scientist,,6,7
37,No,Research & Development,Other,Male,Research Director,,1,10
38,No,Sales,Life Sciences,Male,Sales Executive,,0,17
31,No,Research & Development,Medical,Male,Manufacturing Director,,0,6
59,No,Research & Development,Life Sciences,Male,Research Scientist,,3,7
37,No,Sales,Marketing,Male,Sales Representative,,4,13
29,No,Sales,Medical,Female,Sales Executive,,1,11
35,No,Sales,Marketing,Female,Sales Executive,,1,10
29,Yes,Research & Development,Medical,Male,Research Scientist,,1,4
52,No,Research & Development,Life Sciences,Female,Laboratory Technician,,7,6
42,No,Research & Development,Technical Degree,Male,Manager,,1,22
59,No,Human Resources,Medical,Male,Human Resources,,8,7
50,No,Sales,Medical,Female,Manager,,3,32
33,Yes,Research & Development,Medical,Male,Laboratory Technician,,5,8
43,No,Sales,Marketing,Female,Manager,,5,22
33,Yes,Research & Development,Life Sciences,Female,Laboratory Technician,,7,13
52,No,Sales,Life Sciences,Male,Manager,,1,33
32,No,Sales,Life Sciences,Female,Sales Representative,,2,6
32,Yes,Research & Development,Life Sciences,Male,Laboratory Technician,,0,4
39,No,Research & Development,Medical,Female,Laboratory Technician,,7,7
32,No,Sales,Marketing,Male,Sales Executive,,0,4
41,No,Research & Development,Life Sciences,Male,Research Scientist,,2,17
40,No,Research & Development,Technical Degree,Male,Research Scientist,,1,9
45,No,Research & Development,Other,Male,Manager,,0,25
31,No,Research & Development,Medical,Male,Research Director,,9,9
33,No,Research & Development,Life Sciences,Female,Research Scientist,,1,2
34,No,Research & Development,Life Sciences,Male,Manufacturing Director,,6,13
37,No,Research & Development,Medical,Female,Research Scientist,,2,17
45,No,Research & Development,Life Sciences,Male,Manufacturing Director,,4,9
37,Yes,Research & Development,Medical,Male,Manufacturing Director,,6,17
39,No,Research & Development,Technical Degree,Female,Healthcare Representative,,0,20
29,No,Research & Development,Life Sciences,Male,Research Scientist,,1,6
42,No,Research & Development,Life Sciences,Female,Research Scientist,,3,10
29,No,Sales,Marketing,Male,Sales Executive,,2,10
25,No,Research & Development,Life Sciences,Female,Manufacturing Director,,0,5
42,No,Research & Development,Medical,Female,Laboratory Technician,,0,10
40,No,Research & Development,Medical,Male,Research Director,,0,22
51,No,Research & Development,Life Sciences,Male,Research Scientist,,1,1
31,Yes,Research & Development,Medical,Male,Laboratory Technician,,0,6
32,No,Research & Development,Life Sciences,Male,Laboratory Technician,,1,5
38,No,Sales,Life Sciences,Male,Sales Executive,,3,13
32,No,Research & Development,Technical Degree,Male,Laboratory Technician,,4,9
46,No,Sales,Technical Degree,Female,Manager,,3,28
28,Yes,Research & Development,Life Sciences,Male,Laboratory Technician,,2,5
29,No,Sales,Medical,Male,Sales Executive,,2,10
31,No,Research & Development,Medical,Male,Healthcare Representative,,0,10
25,No,Research & Development,Life Sciences,Male,Healthcare Representative,,1,6
45,No,Research & Development,Medical,Male,Healthcare Representative,,0,21
36,No,Research & Development,Life Sciences,Male,Laboratory Technician,,0,16
55,No,Research & Development,Medical,Male,Manager,,0,37
47,Yes,Research & Development,Life Sciences,Male,Manager,,1,10
28,No,Research & Development,Medical,Male,Research Scientist,,1,5
37,No,Sales,Medical,Male,Sales Executive,,4,7
21,No,Research & Development,Medical,Male,Research Scientist,,1,3
37,No,Research & Development,Medical,Female,Research Director,,2,15
35,No,Research & Development,Life Sciences,Female,Manager,,7,10
38,No,Sales,Medical,Female,Sales Executive,,1,8
26,No,Research & Development,Life Sciences,Female,Manufacturing Director,,1,6
50,No,Research & Development,Life Sciences,Male,Research Director,,3,28
53,No,Research & Development,Medical,Male,Research Director,,3,21
42,No,Sales,Life Sciences,Male,Sales Executive,,1,20
29,No,Sales,Life Sciences,Male,Sales Executive,,1,10
55,No,Research & Development,Technical Degree,Male,Laboratory Technician,,3,12
26,No,Research & Development,Medical,Male,Healthcare Representative,,1,5
37,No,Research & Development,Life Sciences,Female,Research Scientist,,1,17
44,Yes,Research & Development,Life Sciences,Male,Laboratory Technician,,3,19
38,No,Research & Development,Life Sciences,Male,Healthcare Representative,,9,10
26,Yes,Research & Development,Medical,Male,Laboratory Technician,,2,5
28,No,Research & Development,Life Sciences,Female,Research Scientist,,1,5
49,No,Research & Development,Life Sciences,Female,Research Director,,9,22
36,No,Research & Development,Technical Degree,Male,Research Scientist,,4,10
31,No,Sales,Marketing,Female,Sales Representative,,1,2
26,Yes,Sales,Marketing,Male,Sales Executive,,1,8
37,No,Research & Development,Medical,Male,Research Scientist,,1,4
42,No,Sales,Marketing,Female,Sales Executive,,5,23
18,Yes,Research & Development,Life Sciences,Male,Laboratory Technician,,1,0
35,No,Sales,Marketing,Male,Sales Executive,,0,12
36,No,Research & Development,Life Sciences,Male,Laboratory Technician,,4,4
51,No,Research & Development,Medical,Male,Manufacturing Director,,5,13
41,No,Sales,Life Sciences,Male,Manager,,1,22
18,No,Sales,Medical,Female,Sales Representative,,1,0
28,No,Research & Development,Medical,Male,Healthcare Representative,,0,9
31,No,Sales,Technical Degree,Male,Sales Executive,,4,10
39,No,Research & Development,Medical,Male,Healthcare Representative,,0,19
36,No,Research & Development,Life Sciences,Female,Laboratory Technician,,7,11
32,No,Sales,Life Sciences,Male,Sales Executive,,1,13
38,No,Research & Development,Life Sciences,Female,Research Director,,3,19
58,No,Research & Development,Life Sciences,Male,Healthcare Representative,,2,12
31,No,Research & Development,Technical Degree,Male,Research Scientist,,0,6
31,No,Human Resources,Human Resources,Male,Human Resources,,3,9
45,No,Research & Development,Life Sciences,Male,Laboratory Technician,,1,24
31,No,Research & Development,Life Sciences,Male,Research Scientist,,0,3
33,No,Research & Development,Life Sciences,Female,Manager,,6,12
39,No,Research & Development,Medical,Male,Manager,,1,21
43,No,Research & Development,Life Sciences,Female,Laboratory Technician,,0,9
49,No,Research & Development,Technical Degree,Female,Healthcare Representative,,7,25
52,Yes,Research & Development,Medical,Male,Research Scientist,,2,11
27,No,Research & Development,Life Sciences,Female,Research Scientist,,1,4
32,No,Sales,Technical Degree,Female,Sales Executive,,1,13
27,No,Sales,Life Sciences,Male,Sales Executive,,1,5
31,No,Sales,Marketing,Male,Sales Executive,,4,13
32,No,Research & Development,Medical,Female,Research Scientist,,7,10
28,Yes,Research & Development,Medical,Male,Research Scientist,,5,5
30,No,Research & Development,Medical,Female,Research Scientist,,1,11
31,No,Research & Development,Life Sciences,Female,Manufacturing Director,,1,10
39,No,Research & Development,Medical,Male,Manager,,1,21
39,Yes,Sales,Medical,Female,Sales Executive,,4,12
33,No,Sales,Marketing,Male,Sales Executive,,3,9
47,No,Research & Development,Life Sciences,Male,Research Director,,4,21
43,No,Research & Development,Life Sciences,Female,Laboratory Technician,,1,9
27,No,Sales,Marketing,Male,Sales Executive,,0,6
54,No,Research & Development,Life Sciences,Female,Research Scientist,,3,20
43,No,Research & Development,Life Sciences,Female,Healthcare Representative,,8,10
45,No,Research & Development,Other,Male,Research Scientist,,9,12
40,No,Sales,Medical,Male,Sales Executive,,2,6
29,Yes,Research & Development,Other,Male,Laboratory Technician,,1,7
29,No,Research & Development,Other,Male,Laboratory Technician,,0,4
30,No,Sales,Marketing,Female,Sales Executive,,1,10
27,No,Sales,Marketing,Female,Sales Executive,,1,8
37,No,Research & Development,Medical,Male,Manufacturing Director,,7,8
38,No,Research & Development,Life Sciences,Male,Research Director,,0,12
31,No,Research & Development,Medical,Female,Manufacturing Director,,1,11
29,No,Sales,Marketing,Female,Sales Executive,,1,7
35,No,Research & Development,Technical Degree,Male,Manufacturing Director,,0,17
23,No,Research & Development,Life Sciences,Male,Research Scientist,,1,4
41,No,Research & Development,Medical,Male,Manufacturing Director,,6,8
47,No,Sales,Medical,Male,Sales Representative,,3,5
42,No,Research & Development,Life Sciences,Female,Research Director,,2,16
29,No,Sales,Life Sciences,Male,Sales Executive,,1,4
42,No,Human Resources,Technical Degree,Male,Human Resources,,0,4
32,No,Research & Development,Medical,Female,Laboratory Technician,,1,8
48,No,Sales,Medical,Female,Manager,,3,15
37,No,Research & Development,Medical,Male,Research Scientist,,4,13
30,No,Sales,Technical Degree,Female,Sales Executive,,7,4
26,No,Sales,Life Sciences,Male,Sales Executive,,1,8
42,No,Research & Development,Other,Male,Healthcare Representative,,3,14
21,Yes,Sales,Technical Degree,Female,Sales Representative,,1,3
36,No,Sales,Medical,Female,Sales Executive,,4,7
36,No,Sales,Medical,Male,Sales Executive,,4,16
57,No,Research & Development,Medical,Male,Healthcare Representative,,2,15
40,No,Research & Development,Life Sciences,Female,Laboratory Technician,,3,10
21,No,Sales,Medical,Male,Sales Representative,,1,3
33,Yes,Sales,Marketing,Female,Sales Representative,,1,1
37,No,Research & Development,Medical,Female,Laboratory Technician,,6,17
46,No,Research & Development,Medical,Female,Manufacturing Director,,2,7
41,Yes,Sales,Marketing,Male,Sales Executive,,1,8
50,No,Research & Development,Technical Degree,Male,Healthcare Representative,,6,20
40,Yes,Sales,Marketing,Male,Sales Executive,,2,8
31,No,Research & Development,Life Sciences,Male,Research Scientist,,0,3
21,Yes,Sales,Life Sciences,Female,Sales Representative,,1,1
29,No,Research & Development,Life Sciences,Male,Research Scientist,,9,6
35,No,Research & Development,Life Sciences,Male,Healthcare Representative,,9,10
27,No,Research & Development,Medical,Male,Laboratory Technician,,1,5
28,No,Sales,Life Sciences,Male,Sales Executive,,1,7
49,No,Research & Development,Other,Male,Healthcare Representative,,8,26
51,No,Sales,Life Sciences,Female,Sales Executive,,4,18
36,No,Research & Development,Life Sciences,Female,Research Scientist,,4,6
34,Yes,Sales,Marketing,Male,Sales Executive,,8,9
55,No,Research & Development,Life Sciences,Female,Manager,,2,30
24,No,Sales,Marketing,Female,Sales Executive,,1,5
30,No,Sales,Technical Degree,Male,Sales Representative,,1,1
26,Yes,Research & Development,Technical Degree,Male,Research Scientist,,0,7
22,No,Research & Development,Medical,Female,Research Scientist,,1,2
36,No,Sales,Medical,Male,Sales Executive,,1,10
30,Yes,Research & Development,Technical Degree,Male,Research Scientist,,9,3
37,No,Research & Development,Life Sciences,Female,Laboratory Technician,,1,18
40,No,Sales,Marketing,Female,Sales Executive,,7,8
42,No,Research & Development,Life Sciences,Female,Laboratory Technician,,3,8
37,No,Research & Development,Life Sciences,Male,Manufacturing Director,,2,18
43,No,Research & Development,Life Sciences,Male,Research Director,,1,25
40,No,Research & Development,Medical,Female,Laboratory Technician,,6,20
54,No,Research & Development,Medical,Male,Research Director,,4,24
34,No,Sales,Marketing,Female,Sales Executive,,9,6
31,No,Research & Development,Medical,Female,Manufacturing Director,,1,13
43,No,Research & Development,Medical,Male,Laboratory Technician,,7,8
43,No,Research & Development,Other,Female,Healthcare Representative,,4,8
25,No,Sales,Life Sciences,Female,Sales Executive,,1,5
37,No,Research & Development,Medical,Female,Research Scientist,,3,15
31,No,Research & Development,Life Sciences,Male,Laboratory Technician,,1,4
39,No,Research & Development,Life Sciences,Male,Manager,,1,21
56,No,Sales,Life Sciences,Female,Sales Executive,,9,36
30,No,Sales,Technical Degree,Female,Sales Executive,,0,6
41,No,Sales,Marketing,Male,Sales Executive,,1,10
28,No,Research & Development,Medical,Male,Laboratory Technician,,1,10
25,Yes,Research & Development,Medical,Male,Laboratory Technician,,5,6
52,No,Research & Development,Medical,Male,Manufacturing Director,,2,28
45,No,Research & Development,Life Sciences,Male,Research Scientist,,3,8
52,No,Research & Development,Life Sciences,Female,Manager,,2,31
42,No,Research & Development,Life Sciences,Female,Research Scientist,,2,19
30,No,Research & Development,Life Sciences,Female,Manufacturing Director,,2,11
60,No,Research & Development,Life Sciences,Female,Manager,,5,33
46,No,Research & Development,Medical,Female,Manufacturing Director,,2,19
42,No,Research & Development,Technical Degree,Female,Healthcare Representative,,0,7
24,Yes,Sales,Technical Degree,Female,Sales Representative,,1,6
34,Yes,Sales,Marketing,Female,Sales Representative,,0,3
38,No,Research & Development,Life Sciences,Male,Laboratory Technician,,1,1
40,No,Sales,Life Sciences,Female,Manager,,0,21
26,No,Research & Development,Life Sciences,Female,Research Scientist,,1,3
30,No,Research & Development,Life Sciences,Male,Laboratory Technician,,4,9
29,No,Research & Development,Medical,Male,Research Director,,1,10
29,Yes,Research & Development,Technical Degree,Female,Research Scientist,,5,6
19,Yes,Human Resources,Technical Degree,Male,Human Resources,,1,1
30,No,Sales,Other,Female,Sales Executive,,0,10
57,No,Sales,Marketing,Male,Manager,,3,32
50,No,Research & Development,Life Sciences,Male,Manager,,0,28
30,No,Research & Development,Medical,Female,Laboratory Technician,,0,12
60,No,Sales,Marketing,Female,Sales Executive,,4,22
47,No,Research & Development,Medical,Female,Manufacturing Director,,5,20
46,No,Research & Development,Life Sciences,Male,Research Director,,6,26
35,No,Research & Development,Life Sciences,Male,Laboratory Technician,,0,6
54,No,Research & Development,Life Sciences,Female,Laboratory Technician,,7,19
34,No,Research & Development,Life Sciences,Male,Research Scientist,,3,14
46,No,Sales,Marketing,Female,Sales Executive,,2,15
31,No,Research & Development,Life Sciences,Male,Manufacturing Director,,1,13
33,Yes,Research & Development,Medical,Male,Manager,,7,15
33,Yes,Research & Development,Medical,Male,Laboratory Technician,,7,8
30,No,Sales,Marketing,Male,Sales Representative,,0,4
35,No,Research & Development,Life Sciences,Male,Healthcare Representative,,4,10
31,Yes,Research & Development,Life Sciences,Male,Healthcare Representative,,3,12
34,Yes,Human Resources,Human Resources,Female,Human Resources,,9,11
42,No,Research & Development,Other,Male,Laboratory Technician,,4,8
36,No,Sales,Medical,Male,Sales Executive,,1,10
22,Yes,Research & Development,Technical Degree,Male,Laboratory Technician,,5,4
48,No,Sales,Marketing,Female,Sales Executive,,2,14
55,No,Sales,Life Sciences,Female,Manager,,3,37
41,No,Sales,Life Sciences,Male,Sales Executive,,7,16
35,No,Sales,Marketing,Male,Sales Executive,,9,15
40,No,Research & Development,Life Sciences,Female,Manufacturing Director,,7,22
39,No,Research & Development,Life Sciences,Female,Laboratory Technician,,1,8
31,No,Sales,Life Sciences,Male,Sales Executive,,4,10
42,No,Research & Development,Medical,Male,Manufacturing Director,,1,10
45,No,Sales,Other,Male,Sales Executive,,0,9
26,Yes,Human Resources,Life Sciences,Female,Human Resources,,0,8
29,No,Research & Development,Technical Degree,Male,Manufacturing Director,,4,8
33,No,Research & Development,Medical,Female,Research Director,,4,10
31,No,Sales,Life Sciences,Male,Manager,,9,10
18,Yes,Sales,Marketing,Male,Sales Representative,,1,0
40,No,Sales,Other,Male,Sales Executive,,3,20
41,No,Research & Development,Other,Female,Healthcare Representative,,2,10
26,No,Sales,Medical,Male,Sales Executive,,5,8
35,No,Sales,Medical,Female,Sales Executive,,1,5
34,No,Sales,Life Sciences,Male,Sales Executive,,1,10
26,Yes,Research & Development,Technical Degree,Male,Laboratory Technician,,1,1
37,No,Research & Development,Technical Degree,Female,Manufacturing Director,,4,12
46,No,Research & Development,Medical,Female,Healthcare Representative,,5,28
41,No,Sales,Life Sciences,Female,Manager,,7,22
37,No,Sales,Medical,Male,Sales Executive,,1,9
52,No,Research & Development,Technical Degree,Male,Research Scientist,,3,18
32,Yes,Sales,Other,Male,Sales Executive,,8,6
24,No,Sales,Medical,Male,Sales Representative,,0,3
38,No,Research & Development,Medical,Female,Healthcare Representative,,3,18
37,No,Research & Development,Life Sciences,Female,Manufacturing Director,,6,8
49,No,Research & Development,Life Sciences,Male,Research Director,,1,31
24,No,Research & Development,Medical,Male,Research Scientist,,1,6
26,No,Sales,Marketing,Male,Sales Executive,,1,6
24,No,Research & Development,Other,Male,Laboratory Technician,,1,1
50,No,Human Resources,Medical,Male,Manager,,1,32
25,No,Sales,Medical,Male,Sales Representative,,1,7
24,Yes,Research & Development,Life Sciences,Female,Laboratory Technician,,1,6
30,Yes,Sales,Life Sciences,Male,Sales Representative,,1,1
34,No,Research & Development,Life Sciences,Male,Research Scientist,,1,6
31,Yes,Sales,Medical,Male,Sales Executive,,2,9
35,No,Research & Development,Other,Male,Laboratory Technician,,4,9
31,No,Sales,Medical,Male,Sales Executive,,4,13
27,No,Research & Development,Medical,Female,Research Scientist,,0,6
37,No,Sales,Marketing,Male,Sales Executive,,4,17
20,No,Research & Development,Life Sciences,Female,Research Scientist,,1,1
42,No,Research & Development,Life Sciences,Female,Healthcare Representative,,1,10
43,No,Research & Development,Other,Male,Research Director,,4,21
38,No,Research & Development,Life Sciences,Female,Research Scientist,,3,8
43,No,Research & Development,Medical,Male,Laboratory Technician,,3,10
48,No,Research & Development,Life Sciences,Female,Manager,,7,21
44,No,Human Resources,Life Sciences,Female,Human Resources,,4,10
34,No,Sales,Technical Degree,Female,Sales Representative,,1,8
27,Yes,Sales,Marketing,Male,Sales Representative,,0,5
21,No,Sales,Technical Degree,Male,Sales Representative,,1,3
44,No,Research & Development,Other,Male,Manager,,4,26
22,No,Research & Development,Medical,Male,Research Scientist,,0,3
33,No,Sales,Marketing,Male,Sales Executive,,0,6
32,No,Research & Development,Life Sciences,Female,Research Scientist,,1,6
30,No,Research & Development,Medical,Female,Research Scientist,,1,1
53,No,Sales,Medical,Female,Sales Executive,,7,18
34,No,Research & Development,Life Sciences,Male,Research Scientist,,1,10
45,Yes,Sales,Life Sciences,Female,Sales Executive,,2,5
26,No,Research & Development,Life Sciences,Female,Laboratory Technician,,1,3
37,No,Research & Development,Other,Male,Manufacturing Director,,1,10
29,No,Sales,Medical,Female,Sales Executive,,1,6
35,No,Research & Development,Life Sciences,Male,Research Scientist,,1,17
33,No,Research & Development,Life Sciences,Male,Healthcare Representative,,3,15
54,No,Human Resources,Medical,Male,Human Resources,,2,16
36,No,Research & Development,Medical,Male,Manufacturing Director,,2,13
27,No,Research & Development,Medical,Male,Research Scientist,,0,5
20,Yes,Research & Development,Medical,Male,Research Scientist,,1,1
33,Yes,Research & Development,Life Sciences,Male,Research Scientist,,1,10
35,No,Research & Development,Life Sciences,Male,Laboratory Technician,,1,1
23,No,Research & Development,Medical,Male,Research Scientist,,2,5
25,No,Sales,Life Sciences,Male,Sales Executive,,0,4
38,No,Sales,Marketing,Female,Sales Executive,,0,8
29,No,Research & Development,Life Sciences,Male,Research Scientist,,1,10
48,No,Sales,Marketing,Male,Sales Executive,,3,12
27,No,Sales,Medical,Female,Sales Executive,,1,6
37,No,Research & Development,Life Sciences,Male,Research Scientist,,3,4
50,No,Research & Development,Medical,Male,Laboratory Technician,,1,20
34,No,Research & Development,Medical,Female,Healthcare Representative,,1,9
24,Yes,Sales,Life Sciences,Female,Sales Executive,,9,4
39,No,Research & Development,Technical Degree,Female,Healthcare Representative,,1,20
32,No,Sales,Marketing,Male,Sales Executive,,1,10
50,Yes,Sales,Technical Degree,Male,Sales Executive,,3,18
38,No,Research & Development,Life Sciences,Female,Healthcare Representative,,0,10
27,No,Research & Development,Life Sciences,Female,Manufacturing Director,,1,9
32,No,Research & Development,Life Sciences,Female,Research Director,,3,10
47,No,Sales,Marketing,Male,Sales Executive,,2,20
40,No,Sales,Life Sciences,Male,Sales Executive,,5,20
53,No,Research & Development,Life Sciences,Male,Research Director,,3,32
41,No,Human Resources,Human Resources,Male,Manager,,3,23
60,No,Sales,Marketing,Male,Sales Executive,,8,10
27,No,Research & Development,Life Sciences,Male,Manufacturing Director,,1,9
41,No,Human Resources,Human Resources,Male,Manager,,1,22
50,No,Sales,Marketing,Male,Sales Representative,,7,4
28,Yes,Research & Development,Life Sciences,Female,Research Scientist,,7,10
36,No,Research & Development,Life Sciences,Female,Research Director,,9,10
38,No,Research & Development,Life Sciences,Female,Manufacturing Director,,4,10
44,No,Research & Development,Medical,Male,Laboratory Technician,,2,9
47,No,Sales,Medical,Female,Sales Executive,,9,28
30,No,Sales,Marketing,Male,Sales Executive,,7,10
29,No,Sales,Life Sciences,Male,Sales Representative,,1,1
42,Yes,Research & Development,Medical,Male,Research Scientist,,6,7
43,No,Sales,Life Sciences,Male,Sales Executive,,3,7
34,No,Research & Development,Medical,Female,Healthcare Representative,,3,10
23,No,Research & Development,Medical,Male,Laboratory Technician,,1,5
39,No,Human Resources,Human Resources,Female,Human Resources,,9,12
56,No,Research & Development,Medical,Male,Healthcare Representative,,7,30
40,No,Research & Development,Medical,Female,Research Scientist,,0,5
27,No,Research & Development,Medical,Female,Healthcare Representative,,8,9
29,No,Sales,Marketing,Male,Sales Representative,,1,2
53,No,Research & Development,Life Sciences,Male,Laboratory Technician,,2,19
35,No,Research & Development,Life Sciences,Female,Healthcare Representative,,2,16
32,No,Research & Development,Life Sciences,Male,Laboratory Technician,,1,10
38,No,Research & Development,Medical,Male,Research Scientist,,6,6
34,No,Research & Development,Life Sciences,Female,Manufacturing Director,,3,7
52,No,Sales,Marketing,Male,Manager,,1,34
33,Yes,Research & Development,Other,Male,Research Scientist,,1,10
25,No,Sales,Medical,Female,Sales Executive,,1,6
45,No,Sales,Technical Degree,Male,Sales Representative,,0,9
23,No,Research & Development,Medical,Male,Research Scientist,,1,2
47,Yes,Sales,Life Sciences,Female,Sales Executive,,4,8
34,No,Sales,Other,Male,Sales Executive,,1,6
55,Yes,Research & Development,Medical,Male,Manager,,5,24
36,No,Sales,Life Sciences,Male,Sales Executive,,1,10
52,No,Research & Development,Medical,Male,Research Scientist,,0,5
26,No,Research & Development,Life Sciences,Female,Laboratory Technician,,3,5
29,No,Research & Development,Medical,Female,Healthcare Representative,,4,11
26,Yes,Sales,Technical Degree,Male,Sales Executive,,6,6
34,No,Research & Development,Life Sciences,Female,Research Scientist,,2,10
54,No,Research & Development,Medical,Female,Manufacturing Director,,9,9
27,No,Sales,Marketing,Male,Sales Executive,,0,5
37,No,Research & Development,Life Sciences,Female,Research Scientist,,0,6
38,No,Research & Development,Life Sciences,Female,Manufacturing Director,,6,17
34,No,Research & Development,Medical,Female,Research Scientist,,1,6
35,No,Sales,Life Sciences,Female,Sales Representative,,1,3
30,No,Research & Development,Life Sciences,Male,Laboratory Technician,,3,7
40,No,Research & Development,Medical,Female,Healthcare Representative,,1,8
34,No,Sales,Life Sciences,Female,Sales Executive,,5,6
42,No,Research & Development,Life Sciences,Male,Manager,,1,24
23,Yes,Research & Development,Life Sciences,Male,Laboratory Technician,,1,1
24,No,Research & Development,Life Sciences,Male,Laboratory Technician,,1,1
52,No,Research & Development,Life Sciences,Female,Laboratory Technician,,8,9
50,No,Research & Development,Medical,Male,Research Director,,5,30
29,Yes,Research & Development,Life Sciences,Female,Laboratory Technician,,1,1
33,No,Research & Development,Medical,Male,Research Director,,0,14
33,Yes,Sales,Marketing,Female,Sales Executive,,5,6
47,No,Research & Development,Other,Female,Manager,,1,26
36,No,Research & Development,Other,Female,Manufacturing Director,,0,10
29,No,Research & Development,Life Sciences,Male,Research Scientist,,1,10
58,Yes,Research & Development,Life Sciences,Male,Research Director,,7,40
35,No,Research & Development,Life Sciences,Female,Research Scientist,,3,7
42,No,Research & Development,Life Sciences,Female,Manufacturing Director,,9,8
28,Yes,Research & Development,Medical,Male,Research Scientist,,6,5
36,No,Human Resources,Human Resources,Male,Human Resources,,4,8
32,No,Research & Development,Life Sciences,Female,Manufacturing Director,,1,14
40,No,Research & Development,Medical,Male,Laboratory Technician,,6,10
30,No,Research & Development,Medical,Female,Manufacturing Director,,5,12
45,No,Research & Development,Life Sciences,Female,Research Scientist,,1,1
42,No,Research & Development,Life Sciences,Male,Manufacturing Director,,1,10
38,No,Research & Development,Life Sciences,Male,Healthcare Representative,,2,13
34,No,Research & Development,Life Sciences,Female,Research Scientist,,1,6
49,Yes,Sales,Marketing,Female,Sales Executive,,1,9
55,Yes,Sales,Medical,Male,Sales Executive,,4,12
43,No,Research & Development,Life Sciences,Male,Research Director,,6,22
27,No,Research & Development,Technical Degree,Male,Research Director,,1,9
35,No,Research & Development,Other,Male,Manufacturing Director,,3,17
28,No,Sales,Marketing,Female,Sales Executive,,1,8
34,No,Human Resources,Human Resources,Male,Human Resources,,0,4
26,Yes,Research & Development,Medical,Female,Research Scientist,,1,8
27,No,Research & Development,Medical,Male,Research Scientist,,1,0
51,No,Sales,Marketing,Female,Manager,,2,29
44,No,Research & Development,Medical,Male,Healthcare Representative,,9,10
25,No,Research & Development,Medical,Male,Research Scientist,,7,6
33,No,Sales,Medical,Male,Sales Executive,,1,9
35,No,Research & Development,Medical,Female,Research Scientist,,1,6
36,No,Sales,Life Sciences,Male,Sales Executive,,1,18
32,No,Sales,Life Sciences,Male,Sales Executive,,2,8
30,No,Research & Development,Life Sciences,Male,Research Scientist,,9,10
53,No,Sales,Marketing,Female,Sales Executive,,7,35
45,No,Sales,Marketing,Male,Sales Executive,,4,18
32,No,Research & Development,Medical,Female,Research Scientist,,5,9
52,No,Research & Development,Medical,Female,Manufacturing Director,,3,31
37,No,Sales,Marketing,Male,Sales Executive,,4,9
28,No,Human Resources,Medical,Male,Human Resources,,1,6
22,No,Research & Development,Life Sciences,Male,Manufacturing Director,,6,4
44,No,Research & Development,Life Sciences,Male,Laboratory Technician,,2,10
42,No,Research & Development,Medical,Male,Research Scientist,,5,8
36,No,Human Resources,Life Sciences,Male,Human Resources,,0,6
25,No,Sales,Other,Male,Sales Executive,,1,5
35,No,Research & Development,Life Sciences,Female,Manufacturing Director,,1,17
35,Yes,Research & Development,Life Sciences,Female,Research Scientist,,1,10
32,No,Research & Development,Life Sciences,Male,Laboratory Technician,,0,4
25,No,Sales,Marketing,Male,Sales Executive,,1,5
49,No,Research & Development,Technical Degree,Female,Research Scientist,,2,7
24,No,Research & Development,Life Sciences,Male,Laboratory Technician,,0,6
32,No,Sales,Life Sciences,Male,Sales Executive,,1,10
38,No,Sales,Marketing,Male,Sales Representative,,0,3
42,No,Research & Development,Life Sciences,Female,Laboratory Technician,,2,17
31,No,Research & Development,Life Sciences,Male,Research Scientist,,3,8
29,Yes,Sales,Medical,Female,Sales Representative,,6,5
53,No,Sales,Marketing,Male,Sales Executive,,5,28
35,No,Research & Development,Technical Degree,Male,Manufacturing Director,,3,16
37,No,Sales,Medical,Female,Sales Representative,,5,10
53,No,Research & Development,Life Sciences,Female,Research Director,,6,33
43,No,Research & Development,Life Sciences,Female,Healthcare Representative,,4,12
47,No,Sales,Marketing,Female,Sales Executive,,0,8
37,No,Sales,Medical,Male,Sales Executive,,1,10
50,No,Research & Development,Life Sciences,Male,Manager,,1,31
39,No,Human Resources,Life Sciences,Female,Human Resources,,8,13
33,No,Human Resources,Human Resources,Male,Human Resources,,3,7
32,Yes,Research & Development,Life Sciences,Male,Laboratory Technician,,1,1
29,No,Research & Development,Medical,Female,Laboratory Technician,,6,8
44,No,Research & Development,Life Sciences,Male,Research Scientist,,1,8
28,No,Sales,Medical,Male,Sales Executive,,1,4
58,Yes,Research & Development,Life Sciences,Male,Laboratory Technician,,9,3
43,No,Research & Development,Life Sciences,Female,Manufacturing Director,,4,4
20,Yes,Sales,Medical,Female,Sales Representative,,1,2
21,Yes,Research & Development,Other,Female,Research Scientist,,1,1
36,No,Research & Development,Life Sciences,Male,Healthcare Representative,,0,17
47,No,Sales,Life Sciences,Female,Sales Representative,,1,3
22,Yes,Research & Development,Life Sciences,Female,Manufacturing Director,,0,4
41,Yes,Research & Development,Life Sciences,Female,Laboratory Technician,,4,10
28,No,Research & Development,Medical,Female,Research Scientist,,5,6
39,Yes,Research & Development,Medical,Male,Laboratory Technician,,7,8
27,No,Research & Development,Life Sciences,Female,Research Scientist,,1,1
34,No,Research & Development,Life Sciences,Male,Laboratory Technician,,1,1
42,No,Sales,Medical,Female,Sales Executive,,7,10
33,No,Research & Development,Other,Male,Research Scientist,,3,6
58,No,Research & Development,Technical Degree,Female,Healthcare Representative,,2,24
31,No,Sales,Life Sciences,Male,Sales Representative,,3,13
35,No,Research & Development,Life Sciences,Female,Healthcare Representative,,1,10
49,No,Research & Development,Other,Female,Laboratory Technician,,4,29
48,No,Research & Development,Medical,Male,Research Scientist,,4,13
31,No,Sales,Marketing,Female,Sales Executive,,1,9
36,No,Research & Development,Other,Male,Research Scientist,,2,8
38,No,Research & Development,Technical Degree,Female,Research Director,,1,15
32,No,Research & Development,Life Sciences,Female,Laboratory Technician,,6,5
25,Yes,Sales,Marketing,Male,Sales Representative,,1,1
40,No,Sales,Marketing,Male,Sales Executive,,2,11
26,No,Sales,Medical,Male,Sales Executive,,1,7
41,No,Research & Development,Medical,Male,Laboratory Technician,,2,20
36,No,Research & Development,Medical,Male,Laboratory Technician,,4,16
19,Yes,Sales,Other,Male,Sales Representative,,1,1
20,Yes,Research & Development,Technical Degree,Male,Laboratory Technician,,1,1
31,No,Research & Development,Medical,Female,Healthcare Representative,,0,10
40,No,Research & Development,Medical,Male,Research Scientist,,8,3
32,No,Research & Development,Medical,Female,Manufacturing Director,,1,8
36,Yes,Sales,Life Sciences,Male,Sales Executive,,1,16
33,No,Research & Development,Life Sciences,Female,Healthcare Representative,,0,6
37,Yes,Sales,Life Sciences,Male,Sales Executive,,5,17
45,No,Research & Development,Life Sciences,Male,Laboratory Technician,,1,9
29,No,Sales,Technical Degree,Female,Sales Representative,,1,3
35,No,Sales,Medical,Female,Sales Executive,,1,5
52,No,Research & Development,Life Sciences,Male,Manager,,2,26
58,Yes,Research & Development,Technical Degree,Male,Research Scientist,,4,7
53,No,Sales,Medical,Male,Manager,,6,22
30,No,Sales,Other,Male,Sales Executive,,5,10
38,No,Sales,Technical Degree,Female,Sales Executive,,1,6
35,No,Sales,Life Sciences,Male,Sales Executive,,6,12
39,No,Sales,Life Sciences,Male,Sales Executive,,0,9
40,Yes,Sales,Life Sciences,Female,Sales Executive,,4,22
47,No,Research & Development,Medical,Male,Manufacturing Director,,1,20
36,No,Sales,Technical Degree,Male,Sales Executive,,4,12
31,Yes,Research & Development,Medical,Male,Research Scientist,,0,4
33,No,Sales,Life Sciences,Male,Manager,,1,10
29,Yes,Research & Development,Life Sciences,Female,Research Scientist,,6,3
33,No,Research & Development,Life Sciences,Female,Research Scientist,,3,5
45,No,Research & Development,Medical,Female,Laboratory Technician,,3,8
50,No,Research & Development,Medical,Male,Research Director,,9,32
33,No,Research & Development,Other,Female,Healthcare Representative,,1,6
41,No,Research & Development,Medical,Male,Research Director,,2,21
27,No,Research & Development,Technical Degree,Female,Laboratory Technician,,9,4
45,No,Research & Development,Life Sciences,Male,Laboratory Technician,,1,9
47,No,Sales,Life Sciences,Female,Sales Executive,,1,9
30,Yes,Research & Development,Life Sciences,Female,Research Scientist,,4,7
50,No,Research & Development,Life Sciences,Male,Manufacturing Director,,3,22
38,No,Research & Development,Medical,Male,Research Scientist,,0,3
46,No,Research & Development,Medical,Male,Manufacturing Director,,6,13
24,No,Research & Development,Medical,Female,Manufacturing Director,,1,5
35,Yes,Research & Development,Other,Male,Laboratory Technician,,1,5
31,No,Research & Development,Life Sciences,Female,Manufacturing Director,,1,4
18,No,Research & Development,Life Sciences,Male,Research Scientist,,1,0
54,No,Research & Development,Technical Degree,Female,Manufacturing Director,,8,22
35,No,Research & Development,Medical,Female,Healthcare Representative,,1,16
30,No,Research & Development,Life Sciences,Female,Research Director,,0,9
20,Yes,Research & Development,Medical,Female,Research Scientist,,1,1
30,Yes,Research & Development,Medical,Female,Laboratory Technician,,0,4
26,No,Research & Development,Medical,Male,Manufacturing Director,,1,8
22,No,Research & Development,Life Sciences,Male,Laboratory Technician,,1,4
48,No,Research & Development,Life Sciences,Male,Healthcare Representative,,2,19
48,No,Research & Development,Life Sciences,Male,Healthcare Representative,,7,27
41,No,Research & Development,Medical,Female,Manufacturing Director,,6,8
39,No,Research & Development,Life Sciences,Female,Manufacturing Director,,1,21
27,No,Research & Development,Life Sciences,Female,Manufacturing Director,,0,4
35,No,Research & Development,Other,Male,Laboratory Technician,,1,3
42,No,Sales,Marketing,Male,Manager,,6,21
50,No,Research & Development,Life Sciences,Male,Laboratory Technician,,4,8
59,No,Research & Development,Life Sciences,Female,Manufacturing Director,,3,30
37,Yes,Research & Development,Medical,Female,Healthcare Representative,,5,15
55,No,Research & Development,Medical,Male,Healthcare Representative,,3,17
41,No,Research & Development,Life Sciences,Female,Research Director,,1,21
38,No,Sales,Life Sciences,Male,Sales Executive,,8,19
26,Yes,Sales,Medical,Male,Sales Executive,,8,7
52,Yes,Sales,Marketing,Female,Manager,,1,33
44,No,Sales,Medical,Female,Sales Executive,,3,23
50,No,Sales,Life Sciences,Female,Sales Executive,,0,19
36,Yes,Research & Development,Life Sciences,Female,Laboratory Technician,,1,18
39,No,Research & Development,Medical,Female,Manufacturing Director,,1,21
33,No,Sales,Life Sciences,Female,Sales Representative,,0,3
45,No,Sales,Life Sciences,Female,Manager,,3,26
32,No,Research & Development,Medical,Female,Laboratory Technician,,9,10
34,No,Sales,Marketing,Male,Sales Executive,,0,16
59,No,Sales,Technical Degree,Male,Manager,,3,14
45,No,Human Resources,Medical,Male,Human Resources,,1,6
53,No,Sales,Marketing,Female,Sales Executive,,2,30
36,Yes,Research & Development,Other,Male,Laboratory Technician,,7,9
26,Yes,Research & Development,Life Sciences,Male,Research Scientist,,6,6
34,No,Sales,Life Sciences,Female,Sales Representative,,1,1
28,No,Sales,Medical,Male,Sales Representative,,1,1
38,No,Research & Development,Other,Male,Research Scientist,,3,8
50,No,Research & Development,Medical,Male,Research Director,,2,29
37,No,Research & Development,Other,Female,Healthcare Representative,,3,8
40,No,Sales,Marketing,Male,Sales Executive,,1,8
26,No,Research & Development,Medical,Female,Research Scientist,,1,5
46,No,Research & Development,Medical,Male,Research Director,,9,23
54,No,Sales,Life Sciences,Female,Sales Executive,,6,13
56,No,Research & Development,Medical,Female,Research Scientist,,2,18
36,No,Research & Development,Medical,Female,Manufacturing Director,,0,15
55,No,Research & Development,Medical,Male,Manager,,7,31
43,No,Sales,Medical,Male,Sales Executive,,5,18
20,Yes,Sales,Marketing,Female,Sales Representative,,1,2
21,Yes,Research & Development,Life Sciences,Female,Laboratory Technician,,1,1
46,No,Research & Development,Life Sciences,Female,Research Scientist,,8,19
51,Yes,Research & Development,Life Sciences,Male,Research Scientist,,9,18
28,Yes,Research & Development,Technical Degree,Male,Healthcare Representative,,1,10
26,No,Research & Development,Medical,Male,Laboratory Technician,,1,6
30,No,Research & Development,Other,Male,Manufacturing Director,,0,7
41,No,Research & Development,Technical Degree,Female,Research Scientist,,1,10
38,No,Research & Development,Life Sciences,Female,Healthcare Representative,,0,20
40,No,Research & Development,Technical Degree,Male,Healthcare Representative,,4,14
27,No,Research & Development,Life Sciences,Male,Laboratory Technician,,1,3
55,No,Research & Development,Life Sciences,Male,Manufacturing Director,,3,23
28,No,Research & Development,Other,Female,Research Scientist,,3,10
44,Yes,Human Resources,Medical,Male,Human Resources,,9,24
33,No,Research & Development,Life Sciences,Male,Healthcare Representative,,4,9
35,Yes,Sales,Technical Degree,Male,Sales Executive,,0,9
33,Yes,Research & Development,Medical,Female,Research Scientist,,1,14
28,No,Research & Development,Life Sciences,Male,Laboratory Technician,,1,4
34,No,Research & Development,Life Sciences,Male,Healthcare Representative,,0,7
37,No,Sales,Life Sciences,Female,Sales Executive,,2,8
25,Yes,Research & Development,Technical Degree,Male,Laboratory Technician,,1,7
26,Yes,Research & Development,Medical,Male,Laboratory Technician,,1,1
33,Yes,Research & Development,Medical,Male,Research Scientist,,4,5
42,No,Research & Development,Medical,Male,Manager,,0,23
28,Yes,Research & Development,Medical,Male,Laboratory Technician,,1,1
50,Yes,Sales,Other,Male,Sales Executive,,3,5
33,No,Sales,Life Sciences,Female,Sales Executive,,0,4
34,No,Research & Development,Life Sciences,Male,Research Scientist,,3,6
48,No,Research & Development,Medical,Male,Manager,,2,27
45,No,Sales,Life Sciences,Female,Sales Executive,,1,15
52,No,Research & Development,Life Sciences,Male,Healthcare Representative,,7,18
38,No,Sales,Marketing,Male,Sales Executive,,0,9
29,No,Research & Development,Life Sciences,Female,Research Scientist,,4,11
28,No,Research & Development,Medical,Female,Manufacturing Director,,0,10
46,No,Sales,Marketing,Male,Manager,,3,23
38,No,Sales,Marketing,Male,Sales Executive,,7,10
43,No,Research & Development,Life Sciences,Female,Manufacturing Director,,8,18
39,Yes,Research & Development,Life Sciences,Male,Healthcare Representative,,7,21
40,No,Research & Development,Medical,Male,Research Director,,1,21
21,No,Research & Development,Technical Degree,Female,Research Scientist,,1,2
39,No,Research & Development,Life Sciences,Male,Laboratory Technician,,9,9
36,No,Research & Development,Life Sciences,Male,Manufacturing Director,,2,18
31,No,Sales,Life Sciences,Male,Sales Representative,,0,3
28,No,Research & Development,Life Sciences,Male,Research Scientist,,0,6
35,No,Sales,Marketing,Male,Sales Executive,,1,5
49,No,Sales,Technical Degree,Male,Sales Executive,,6,22
34,No,Research & Development,Life Sciences,Male,Manufacturing Director,,2,5
29,No,Research & Development,Life Sciences,Female,Research Scientist,,0,8
42,No,Research & Development,Medical,Male,Laboratory Technician,,4,16
29,No,Research & Development,Medical,Male,Manufacturing Director,,1,10
38,No,Human Resources,Human Resources,Male,Human Resources,,1,7
28,No,Research & Development,Life Sciences,Male,Research Scientist,,1,3
18,Yes,Research & Development,Medical,Male,Laboratory Technician,,1,0
33,Yes,Sales,Marketing,Female,Sales Executive,,0,6
41,No,Research & Development,Life Sciences,Male,Laboratory Technician,,3,6
31,Yes,Research & Development,Medical,Male,Laboratory Technician,,1,2
37,No,Research & Development,Medical,Female,Healthcare Representative,,7,9
27,No,Research & Development,Life Sciences,Male,Research Scientist,,1,4
34,No,Sales,Life Sciences,Female,Sales Executive,,1,6
35,No,Human Resources,Technical Degree,Male,Human Resources,,1,6
29,Yes,Sales,Life Sciences,Female,Sales Executive,,1,11
40,No,Research & Development,Medical,Female,Research Director,,9,20
42,Yes,Sales,Life Sciences,Male,Sales Executive,,0,22
42,No,Sales,Marketing,Male,Sales Executive,,7,9
35,No,Research & Development,Medical,Male,Laboratory Technician,,6,10
24,No,Research & Development,Medical,Male,Laboratory Technician,,8,6
28,Yes,Research & Development,Life Sciences,Female,Laboratory Technician,,1,1
26,No,Research & Development,Medical,Male,Laboratory Technician,,1,8
30,No,Sales,Marketing,Male,Sales Executive,,1,10
40,No,Research & Development,Medical,Female,Research Scientist,,3,16
35,No,Research & Development,Life Sciences,Male,Manufacturing Director,,2,15
34,No,Research & Development,Medical,Male,Healthcare Representative,,0,14
35,No,Research & Development,Other,Male,Laboratory Technician,,1,2
43,Yes,Sales,Marketing,Female,Sales Executive,,8,7
32,No,Sales,Life Sciences,Female,Sales Representative,,1,1
56,No,Research & Development,Technical Degree,Female,Manager,,4,28
29,No,Research & Development,Medical,Female,Laboratory Technician,,1,10
19,No,Research & Development,Life Sciences,Male,Research Scientist,,1,1
45,No,Research & Development,Medical,Female,Research Scientist,,4,7
37,No,Research & Development,Life Sciences,Female,Manufacturing Director,,1,14
20,No,Research & Development,Life Sciences,Male,Laboratory Technician,,1,2
44,Yes,Research & Development,Life Sciences,Male,Research Scientist,,1,6
53,No,Research & Development,Medical,Female,Manager,,3,26
29,No,Research & Development,Life Sciences,Female,Research Scientist,,0,6
22,Yes,Research & Development,Life Sciences,Male,Research Scientist,,0,1
46,No,Sales,Marketing,Female,Manager,,8,28
44,No,Research & Development,Life Sciences,Male,Research Scientist,,2,6
33,No,Human Resources,Human Resources,Male,Human Resources,,1,5
41,Yes,Research & Development,Life Sciences,Male,Research Scientist,,6,5
30,No,Sales,Life Sciences,Male,Sales Executive,,8,8
40,No,Sales,Medical,Male,Sales Executive,,5,5
50,No,Research & Development,Medical,Female,Manager,,2,32
28,No,Research & Development,Medical,Male,Laboratory Technician,,1,6
46,No,Research & Development,Life Sciences,Male,Research Director,,5,25
35,No,Sales,Life Sciences,Male,Sales Executive,,3,15
24,Yes,Research & Development,Life Sciences,Female,Laboratory Technician,,1,1
33,No,Sales,Medical,Female,Sales Executive,,1,10
36,No,Research & Development,Life Sciences,Male,Laboratory Technician,,1,7
30,No,Research & Development,Life Sciences,Male,Laboratory Technician,,1,10
44,No,Research & Development,Other,Male,Research Scientist,,1,20
20,No,Sales,Marketing,Male,Sales Representative,,1,2
46,No,Research & Development,Technical Degree,Male,Manufacturing Director,,2,12
42,No,Human Resources,Medical,Male,Human Resources,,7,10
60,No,Sales,Marketing,Male,Sales Executive,,0,12
32,No,Research & Development,Other,Female,Laboratory Technician,,1,2
32,No,Research & Development,Life Sciences,Female,Research Scientist,,4,10
36,No,Research & Development,Technical Degree,Female,Manufacturing Director,,2,17
33,No,Research & Development,Medical,Male,Research Scientist,,0,15
40,No,Sales,Technical Degree,Female,Sales Executive,,7,7
25,No,Sales,Life Sciences,Male,Sales Executive,,0,5
30,No,Research & Development,Medical,Male,Research Scientist,,0,12
42,No,Research & Development,Medical,Female,Research Director,,3,20
35,No,Sales,Marketing,Female,Sales Executive,,4,16
27,No,Research & Development,Life Sciences,Male,Research Scientist,,1,9
54,No,Research & Development,Life Sciences,Female,Manufacturing Director,,7,33
44,No,Research & Development,Life Sciences,Female,Research Scientist,,1,10
19,Yes,Research & Development,Medical,Female,Research Scientist,,1,1
29,No,Research & Development,Life Sciences,Female,Research Scientist,,1,3
54,No,Research & Development,Life Sciences,Male,Research Director,,3,36
31,No,Research & Development,Medical,Male,Healthcare Representative,,1,6
31,No,Research & Development,Medical,Female,Healthcare Representative,,1,10
59,No,Sales,Life Sciences,Female,Sales Executive,,5,13
43,No,Research & Development,Life Sciences,Male,Research Director,,3,25
49,No,Research & Development,Medical,Male,Manager,,2,23
36,No,Research & Development,Technical Degree,Male,Research Scientist,,1,12
48,No,Research & Development,Technical Degree,Male,Laboratory Technician,,5,7
27,No,Research & Development,Life Sciences,Male,Research Scientist,,1,5
29,No,Research & Development,Life Sciences,Male,Healthcare Representative,,1,6
48,No,Research & Development,Life Sciences,Male,Research Director,,6,25
29,No,Research & Development,Life Sciences,Female,Research Director,,3,9
34,No,Research & Development,Technical Degree,Female,Research Scientist,,0,2
44,No,Sales,Marketing,Male,Manager,,7,26
33,No,Sales,Marketing,Male,Sales Executive,,0,10
19,No,Research & Development,Life Sciences,Female,Research Scientist,,1,1
23,No,Research & Development,Life Sciences,Male,Research Scientist,,1,1
25,Yes,Sales,Life Sciences,Male,Sales Representative,,1,1
26,No,Research & Development,Life Sciences,Male,Research Scientist,,1,8
45,Yes,Sales,Marketing,Female,Manager,,2,26
55,No,Research & Development,Medical,Male,Healthcare Representative,,1,34
21,Yes,Research & Development,Life Sciences,Female,Laboratory Technician,,1,2
46,No,Sales,Marketing,Female,Manager,,2,26
34,No,Sales,Marketing,Female,Sales Executive,,0,4
51,No,Sales,Life Sciences,Male,Manager,,4,31
59,No,Research & Development,Medical,Male,Manufacturing Director,,6,25
34,No,Research & Development,Medical,Female,Laboratory Technician,,4,15
28,No,Research & Development,Medical,Male,Laboratory Technician,,0,5
44,No,Research & Development,Life Sciences,Male,Manager,,1,26
34,No,Human Resources,Life Sciences,Male,Human Resources,,4,14
35,No,Research & Development,Life Sciences,Male,Research Scientist,,0,4
42,No,Research & Development,Medical,Female,Research Scientist,,6,18
43,No,Sales,Marketing,Female,Sales Executive,,3,23
36,No,Research & Development,Life Sciences,Female,Manufacturing Director,,9,18
44,Yes,Research & Development,Medical,Female,Healthcare Representative,,1,10
28,No,Research & Development,Life Sciences,Male,Laboratory Technician,,1,2
51,No,Research & Development,Medical,Female,Laboratory Technician,,0,8
30,No,Research & Development,Medical,Female,Manufacturing Director,,7,10
29,Yes,Research & Development,Technical Degree,Female,Laboratory Technician,,3,10
28,No,Research & Development,Technical Degree,Male,Research Scientist,,2,5
25,No,Research & Development,Medical,Female,Research Scientist,,1,2
32,No,Sales,Medical,Male,Sales Executive,,1,10
45,No,Research & Development,Medical,Female,Manager,,3,22
39,No,Research & Development,Medical,Female,Manager,,6,21
58,No,Research & Development,Life Sciences,Male,Research Scientist,,1,2
32,Yes,Research & Development,Life Sciences,Male,Laboratory Technician,,1,10
39,Yes,Research & Development,Medical,Male,Research Scientist,,0,6
30,No,Research & Development,Technical Degree,Female,Laboratory Technician,,0,10
36,No,Research & Development,Technical Degree,Female,Healthcare Representative,,3,10
46,No,Human Resources,Life Sciences,Female,Human Resources,,6,10
28,No,Research & Development,Life Sciences,Female,Laboratory Technician,,0,10
50,No,Research & Development,Life Sciences,Female,Research Director,,4,25
40,Yes,Sales,Marketing,Male,Sales Executive,,2,9
52,Yes,Sales,Life Sciences,Male,Sales Executive,,9,10
30,No,Research & Development,Medical,Female,Manager,,1,9
39,No,Research & Development,Life Sciences,Male,Manufacturing Director,,0,9
31,No,Sales,Life Sciences,Female,Sales Executive,,1,10
41,No,Sales,Medical,Male,Sales Executive,,1,19
31,Yes,Sales,Life Sciences,Female,Sales Representative,,1,3
44,Yes,Research & Development,Life Sciences,Male,Laboratory Technician,,4,10
42,No,Research & Development,Life Sciences,Male,Manager,,0,21
55,No,Research & Development,Medical,Female,Manager,,4,23
56,No,Human Resources,Life Sciences,Male,Manager,,6,36
40,No,Research & Development,Life Sciences,Male,Research Scientist,,9,6
34,No,Research & Development,Life Sciences,Male,Healthcare Representative,,0,10
40,No,Research & Development,Life Sciences,Male,Research Scientist,,1,9
41,No,Sales,Marketing,Female,Sales Executive,,0,10
35,No,Research & Development,Life Sciences,Male,Research Scientist,,1,9
51,No,Human Resources,Life Sciences,Male,Manager,,1,33
38,No,Sales,Life Sciences,Female,Sales Executive,,3,11
34,No,Sales,Medical,Female,Sales Executive,,1,10
25,No,Research & Development,Medical,Male,Laboratory Technician,,3,7
58,Yes,Research & Development,Medical,Female,Manufacturing Director,,7,31
40,No,Research & Development,Life Sciences,Male,Laboratory Technician,,3,7
36,No,Sales,Marketing,Female,Sales Executive,,2,17
48,No,Research & Development,Life Sciences,Male,Manufacturing Director,,1,11
27,No,Sales,Medical,Female,Sales Representative,,8,5
51,No,Research & Development,Technical Degree,Female,Manufacturing Director,,3,29
18,No,Research & Development,Life Sciences,Female,Laboratory Technician,,1,0
35,No,Research & Development,Medical,Female,Laboratory Technician,,0,10
27,No,Sales,Life Sciences,Male,Sales Executive,,3,8
55,Yes,Sales,Marketing,Male,Sales Executive,,6,24
56,No,Research & Development,Life Sciences,Male,Manufacturing Director,,4,33
34,No,Research & Development,Technical Degree,Female,Research Scientist,,1,5
40,No,Research & Development,Medical,Female,Healthcare Representative,,5,15
34,No,Research & Development,Medical,Male,Laboratory Technician,,4,10
31,Yes,Sales,Life Sciences,Female,Sales Representative,,7,3
35,Yes,Sales,Marketing,Female,Sales Executive,,0,5
38,No,Research & Development,Life Sciences,Male,Research Scientist,,1,4
34,No,Research & Development,Technical Degree,Female,Healthcare Representative,,1,14
28,No,Sales,Life Sciences,Male,Sales Executive,,1,5
31,Yes,Research & Development,Medical,Male,Manufacturing Director,,1,10
39,No,Sales,Life Sciences,Male,Sales Executive,,3,8
51,No,Sales,Marketing,Male,Sales Executive,,2,14
41,No,Research & Development,Life Sciences,Female,Research Scientist,,3,12
37,No,Research & Development,Life Sciences,Male,Research Scientist,,7,8
33,No,Sales,Life Sciences,Male,Sales Executive,,6,8
32,No,Sales,Marketing,Male,Sales Executive,,0,4
39,No,Research & Development,Life Sciences,Male,Healthcare Representative,,3,13
25,No,Sales,Life Sciences,Male,Sales Executive,,2,6
52,No,Research & Development,Medical,Female,Manufacturing Director,,2,24
43,No,Research & Development,Medical,Female,Research Scientist,,1,20
27,No,Sales,Marketing,Female,Sales Executive,,1,6
27,Yes,Research & Development,Life Sciences,Female,Research Scientist,,1,8
26,No,Research & Development,Medical,Male,Research Scientist,,0,5
42,No,Human Resources,Human Resources,Female,Manager,,0,21
52,No,Research & Development,Other,Female,Laboratory Technician,,9,12
37,No,Research & Development,Medical,Female,Laboratory Technician,,4,8
35,No,Research & Development,Life Sciences,Male,Manufacturing Director,,2,10
25,No,Research & Development,Technical Degree,Male,Laboratory Technician,,4,7
26,No,Research & Development,Other,Male,Laboratory Technician,,0,8
29,No,Human Resources,Other,Male,Human Resources,,1,10
49,Yes,Research & Development,Life Sciences,Male,Laboratory Technician,,3,20
29,Yes,Research & Development,Other,Female,Healthcare Representative,,0,9
54,No,Research & Development,Medical,Female,Research Director,,6,29
58,No,Research & Development,Medical,Female,Research Director,,3,32
55,No,Research & Development,Medical,Male,Research Director,,2,31
36,No,Sales,Marketing,Female,Sales Executive,,3,15
31,Yes,Sales,Life Sciences,Female,Sales Representative,,1,1
30,No,Sales,Marketing,Female,Sales Executive,,7,8
31,No,Research & Development,Life Sciences,Female,Research Director,,3,9
34,No,Research & Development,Other,Male,Research Scientist,,5,10
31,Yes,Research & Development,Life Sciences,Female,Research Scientist,,1,1
27,No,Research & Development,Life Sciences,Male,Laboratory Technician,,0,6
36,No,Research & Development,Life Sciences,Male,Laboratory Technician,,1,10
36,No,Sales,Marketing,Female,Sales Executive,,4,11
47,No,Research & Development,Technical Degree,Male,Research Scientist,,7,17
25,Yes,Sales,Life Sciences,Male,Sales Representative,,3,6
37,No,Research & Development,Technical Degree,Male,Laboratory Technician,,0,7
56,No,Research & Development,Life Sciences,Female,Research Scientist,,2,5
47,No,Research & Development,Medical,Female,Research Director,,3,26
24,No,Sales,Medical,Female,Sales Executive,,1,5
32,No,Sales,Marketing,Male,Sales Executive,,4,7
34,No,Research & Development,Life Sciences,Female,Laboratory Technician,,5,7
41,No,Research & Development,Medical,Male,Research Scientist,,2,7
40,No,Research & Development,Other,Male,Laboratory Technician,,3,11
31,No,Sales,Life Sciences,Male,Sales Executive,,1,13
46,Yes,Sales,Marketing,Male,Sales Executive,,4,28
39,Yes,Research & Development,Life Sciences,Female,Laboratory Technician,,2,11
31,Yes,Research & Development,Life Sciences,Female,Manufacturing Director,,1,10
45,No,Research & Development,Medical,Male,Healthcare Representative,,2,24
31,No,Human Resources,Medical,Female,Human Resources,,9,8
31,Yes,Research & Development,Life Sciences,Male,Laboratory Technician,,6,7
45,No,Research & Development,Technical Degree,Male,Manufacturing Director,,4,10
48,No,Sales,Marketing,Male,Sales Executive,,4,15
34,Yes,Human Resources,Technical Degree,Female,Human Resources,,1,2
40,No,Research & Development,Medical,Male,Research Director,,2,16
28,No,Sales,Medical,Male,Sales Executive,,0,6
44,No,Research & Development,Life Sciences,Male,Laboratory Technician,,3,7
53,No,Research & Development,Medical,Male,Research Director,,4,35
49,No,Research & Development,Technical Degree,Male,Healthcare Representative,,2,20
40,No,Research & Development,Medical,Male,Research Scientist,,2,8
44,No,Research & Development,Life Sciences,Male,Research Scientist,,1,6
33,No,Sales,Medical,Male,Sales Executive,,0,5
34,No,Sales,Other,Male,Sales Executive,,3,15
30,No,Sales,Life Sciences,Male,Sales Executive,,8,4
42,No,Research & Development,Medical,Female,Laboratory Technician,,1,12
44,No,Sales,Marketing,Female,Sales Executive,,7,11
30,No,Research & Development,Technical Degree,Male,Research Scientist,,1,1
57,No,Research & Development,Life Sciences,Male,Research Scientist,,0,13
49,No,Research & Development,Life Sciences,Male,Healthcare Representative,,3,29
34,No,Research & Development,Medical,Male,Research Director,,7,16
28,Yes,Sales,Technical Degree,Male,Sales Representative,,3,5
29,Yes,Sales,Technical Degree,Female,Sales Executive,,5,7
34,Yes,Sales,Medical,Female,Sales Executive,,0,16
35,No,Sales,Life Sciences,Male,Sales Representative,,1,1
24,Yes,Research & Development,Medical,Male,Laboratory Technician,,2,4
24,No,Sales,Life Sciences,Female,Sales Representative,,1,1
44,No,Research & Development,Medical,Male,Manufacturing Director,,5,16
29,No,Sales,Life Sciences,Male,Sales Executive,,1,10
30,No,Human Resources,Life Sciences,Male,Human Resources,,0,6
55,No,Research & Development,Life Sciences,Male,Healthcare Representative,,0,4
33,No,Research & Development,Medical,Female,Laboratory Technician,,8,8
47,No,Sales,Medical,Female,Sales Executive,,3,11
28,Yes,Research & Development,Medical,Male,Laboratory Technician,,7,8
28,No,Research & Development,Life Sciences,Male,Research Scientist,,1,1
28,No,Sales,Life Sciences,Male,Sales Executive,,0,5
49,No,Research & Development,Medical,Female,Laboratory Technician,,4,10
29,No,Research & Development,Life Sciences,Female,Laboratory Technician,,0,4
28,No,Research & Development,Life Sciences,Male,Manufacturing Director,,1,8
33,No,Research & Development,Life Sciences,Male,Healthcare Representative,,2,14
32,No,Research & Development,Medical,Male,Manager,,2,10
54,No,Research & Development,Medical,Female,Manager,,3,26
29,Yes,Research & Development,Technical Degree,Male,Research Scientist,,6,11
44,No,Research & Development,Life Sciences,Male,Research Director,,3,24
39,No,Research & Development,Life Sciences,Female,Manufacturing Director,,4,9
46,No,Sales,Life Sciences,Female,Manager,,8,23
35,No,Research & Development,Life Sciences,Female,Healthcare Representative,,1,11
23,No,Research & Development,Life Sciences,Male,Laboratory Technician,,0,5
40,Yes,Research & Development,Life Sciences,Male,Laboratory Technician,,3,15
34,No,Sales,Technical Degree,Male,Sales Executive,,1,10
31,Yes,Research & Development,Life Sciences,Female,Research Scientist,,1,7
50,No,Research & Development,Medical,Male,Research Director,,1,32
34,No,Sales,Technical Degree,Male,Sales Representative,,0,12
42,No,Research & Development,Medical,Male,Laboratory Technician,,4,4
37,No,Research & Development,Medical,Male,Research Scientist,,1,10
29,No,Research & Development,Other,Female,Healthcare Representative,,3,9
33,No,Research & Development,Life Sciences,Male,Manufacturing Director,,1,5
45,No,Research & Development,Technical Degree,Male,Research Scientist,,4,8
42,No,Research & Development,Life Sciences,Male,Healthcare Representative,,2,24
40,No,Sales,Medical,Male,Sales Executive,,0,9
33,No,Research & Development,Life Sciences,Male,Laboratory Technician,,1,15
40,No,Human Resources,Medical,Male,Manager,,1,21
24,No,Research & Development,Technical Degree,Male,Laboratory Technician,,0,2
40,No,Research & Development,Life Sciences,Male,Healthcare Representative,,3,8
45,No,Research & Development,Technical Degree,Male,Healthcare Representative,,1,10
35,No,Sales,Life Sciences,Female,Sales Representative,,0,6
32,No,Research & Development,Life Sciences,Female,Research Scientist,,3,12
36,No,Sales,Life Sciences,Male,Sales Representative,,3,7
48,No,Sales,Life Sciences,Female,Sales Executive,,8,18
29,No,Research & Development,Life Sciences,Male,Research Scientist,,6,5
33,No,Sales,Life Sciences,Male,Sales Executive,,2,8
30,Yes,Sales,Life Sciences,Male,Sales Executive,,1,10
38,No,Human Resources,Human Resources,Male,Human Resources,,3,10
35,No,Research & Development,Medical,Male,Laboratory Technician,,1,3
30,No,Sales,Technical Degree,Male,Sales Executive,,3,9
35,Yes,Research & Development,Life Sciences,Female,Laboratory Technician,,1,1
53,Yes,Research & Development,Technical Degree,Female,Manufacturing Director,,0,34
38,Yes,Research & Development,Medical,Male,Manufacturing Director,,4,7
32,No,Research & Development,Technical Degree,Male,Research Scientist,,4,9
48,No,Research & Development,Other,Female,Research Scientist,,8,10
34,No,Research & Development,Medical,Male,Research Scientist,,1,1
55,No,Sales,Marketing,Male,Manager,,1,36
34,No,Research & Development,Life Sciences,Male,Research Scientist,,9,9
26,No,Research & Development,Life Sciences,Female,Research Scientist,,1,1
38,No,Sales,Life Sciences,Male,Sales Executive,,0,10
38,No,Sales,Life Sciences,Female,Sales Executive,,2,8
36,No,Sales,Life Sciences,Female,Sales Executive,,6,15
29,No,Research & Development,Medical,Male,Laboratory Technician,,1,10
35,No,Research & Development,Medical,Female,Healthcare Representative,,3,10
39,No,Sales,Medical,Male,Sales Executive,,2,11
29,No,Research & Development,Life Sciences,Male,Healthcare Representative,,1,6
50,No,Sales,Marketing,Male,Manager,,4,27
23,No,Research & Development,Technical Degree,Male,Research Scientist,,2,4
36,No,Research & Development,Life Sciences,Male,Laboratory Technician,,3,9
42,No,Research & Development,Other,Male,Manager,,8,24
35,No,Research & Development,Life Sciences,Male,Laboratory Technician,,1,10
34,No,Research & Development,Technical Degree,Male,Healthcare Representative,,1,8
40,No,Sales,Life Sciences,Female,Sales Executive,,1,5
43,No,Research & Development,Technical Degree,Male,Laboratory Technician,,5,8
35,No,Research & Development,Life Sciences,Male,Laboratory Technician,,1,1
46,No,Sales,Life Sciences,Male,Manager,,1,27
28,Yes,Research & Development,Medical,Male,Laboratory Technician,,1,1
22,No,Research & Development,Other,Female,Research Scientist,,1,4
50,No,Research & Development,Medical,Male,Healthcare Representative,,2,32
32,No,Research & Development,Other,Female,Research Scientist,,3,6
44,No,Research & Development,Medical,Female,Research Director,,0,23
30,No,Research & Development,Medical,Male,Research Scientist,,1,6
45,No,Research & Development,Medical,Female,Laboratory Technician,,1,10
45,No,Sales,Marketing,Male,Sales Executive,,1,10
31,No,Sales,Other,Male,Sales Executive,,7,10
36,No,Research & Development,Life Sciences,Female,Manufacturing Director,,9,7
34,No,Research & Development,Life Sciences,Male,Manufacturing Director,,1,9
49,No,Research & Development,Life Sciences,Female,Laboratory Technician,,1,10
39,No,Research & Development,Medical,Male,Manufacturing Director,,2,10
27,No,Research & Development,Other,Male,Laboratory Technician,,1,7
35,No,Research & Development,Life Sciences,Male,Research Scientist,,1,16
28,No,Research & Development,Medical,Female,Manufacturing Director,,0,6
21,No,Research & Development,Medical,Male,Research Scientist,,1,3
18,Yes,Sales,Medical,Female,Sales Representative,,1,0
47,No,Human Resources,Life Sciences,Female,Manager,,3,27
39,No,Research & Development,Medical,Male,Laboratory Technician,,0,11
40,No,Research & Development,Life Sciences,Female,Manufacturing Director,,1,18
35,No,Research & Development,Life Sciences,Female,Healthcare Representative,,1,15
37,No,Research & Development,Life Sciences,Male,Manufacturing Director,,3,9
39,No,Research & Development,Medical,Female,Manufacturing Director,,0,10
45,No,Research & Development,Other,Female,Manufacturing Director,,1,10
38,No,Research & Development,Medical,Female,Manufacturing Director,,3,10
35,Yes,Sales,Medical,Male,Sales Executive,,9,15
37,No,Research & Development,Medical,Female,Research Scientist,,1,8
40,No,Research & Development,Life Sciences,Female,Manufacturing Director,,6,18
44,No,Human Resources,Human Resources,Male,Human Resources,,4,14
48,No,Research & Development,Medical,Male,Manager,,2,23
35,Yes,Sales,Medical,Male,Sales Executive,,6,7
24,No,Research & Development,Technical Degree,Female,Research Scientist,,1,6
27,No,Research & Development,Medical,Female,Research Scientist,,7,5
27,No,Research & Development,Medical,Male,Research Scientist,,2,6
40,Yes,Research & Development,Life Sciences,Male,Laboratory Technician,,3,10
29,No,Sales,Medical,Male,Sales Executive,,9,8
36,No,Research & Development,Life Sciences,Female,Healthcare Representative,,4,9
25,No,Research & Development,Life Sciences,Male,Manufacturing Director,,1,7
39,No,Research & Development,Medical,Male,Manufacturing Director,,4,7
49,No,Research & Development,Other,Female,Research Director,,3,27
50,No,Research & Development,Life Sciences,Female,Research Director,,5,19
20,No,Sales,Medical,Female,Sales Representative,,1,2
34,No,Research & Development,Life Sciences,Female,Research Scientist,,1,11
36,No,Research & Development,Life Sciences,Male,Laboratory Technician,,2,15
49,No,Research & Development,Life Sciences,Female,Healthcare Representative,,2,30
36,No,Research & Development,Medical,Female,Manufacturing Director,,0,4
36,No,Research & Development,Life Sciences,Male,Healthcare Representative,,6,13
54,No,Research & Development,Medical,Female,Manager,,3,36
43,No,Research & Development,Life Sciences,Male,Research Director,,1,14
35,Yes,Sales,Other,Male,Sales Executive,,3,13
38,No,Research & Development,Life Sciences,Male,Research Scientist,,7,19
29,No,Sales,Medical,Male,Sales Executive,,1,10
33,No,Sales,Medical,Male,Sales Executive,,1,6
32,No,Research & Development,Medical,Male,Research Scientist,,0,10
31,No,Sales,Life Sciences,Female,Sales Executive,,1,10
49,No,Research & Development,Medical,Female,Laboratory Technician,,4,17
38,No,Research & Development,Medical,Female,Laboratory Technician,,1,4
47,No,Sales,Life Sciences,Female,Manager,,6,29
49,No,Research & Development,Life Sciences,Male,Manager,,4,23
41,No,Sales,Life Sciences,Male,Sales Executive,,3,21
20,No,Sales,Life Sciences,Male,Sales Representative,,1,2
33,No,Sales,Life Sciences,Female,Sales Executive,,1,7
36,No,Research & Development,Life Sciences,Male,Healthcare Representative,,6,10
44,No,Human Resources,Life Sciences,Female,Human Resources,,4,8
23,Yes,Research & Development,Medical,Male,Laboratory Technician,,1,5
38,No,Research & Development,Medical,Female,Laboratory Technician,,7,7
53,No,Research & Development,Medical,Male,Healthcare Representative,,3,11
48,Yes,Sales,Medical,Female,Sales Representative,,2,19
32,Yes,Research & Development,Life Sciences,Male,Laboratory Technician,,1,1
26,No,Research & Development,Medical,Male,Laboratory Technician,,1,7
55,No,Research & Development,Technical Degree,Male,Research Scientist,,5,8
34,No,Research & Development,Medical,Male,Laboratory Technician,,1,15
60,No,Research & Development,Medical,Male,Healthcare Representative,,3,19
33,No,Research & Development,Medical,Male,Laboratory Technician,,1,14
37,No,Sales,Medical,Male,Sales Executive,,1,6
34,No,Research & Development,Life Sciences,Female,Research Scientist,,1,10
23,Yes,Sales,Life Sciences,Male,Sales Representative,,1,3
44,No,Research & Development,Life Sciences,Female,Healthcare Representative,,1,9
35,No,Research & Development,Medical,Male,Research Scientist,,0,6
43,No,Sales,Medical,Male,Sales Executive,,1,10
24,No,Research & Development,Medical,Male,Research Scientist,,1,5
41,No,Sales,Marketing,Male,Sales Executive,,1,10
29,No,Research & Development,Medical,Female,Laboratory Technician,,9,9
36,No,Sales,Life Sciences,Female,Sales Representative,,3,17
45,No,Research & Development,Life Sciences,Male,Healthcare Representative,,3,25
24,Yes,Human Resources,Human Resources,Male,Human Resources,,1,1
47,Yes,Sales,Life Sciences,Male,Sales Executive,,7,25
26,No,Research & Development,Medical,Male,Laboratory Technician,,1,3
45,No,Research & Development,Technical Degree,Female,Research Director,,1,21
32,No,Research & Development,Life Sciences,Male,Research Scientist,,6,10
31,No,Research & Development,Life Sciences,Male,Laboratory Technician,,1,6
41,No,Human Resources,Human Resources,Male,Human Resources,,6,10
40,No,Research & Development,Life Sciences,Female,Manufacturing Director,,2,18
24,No,Research & Development,Medical,Male,Laboratory Technician,,1,6
46,No,Research & Development,Life Sciences,Male,Healthcare Representative,,6,19
35,No,Research & Development,Life Sciences,Male,Manufacturing Director,,2,17
30,No,Research & Development,Life Sciences,Male,Research Scientist,,1,10
47,No,Sales,Marketing,Male,Sales Executive,,7,4
46,No,Sales,Life Sciences,Male,Sales Executive,,4,13
36,Yes,Sales,Marketing,Male,Sales Executive,,5,16
32,Yes,Sales,Life Sciences,Male,Sales Executive,,6,10
23,No,Research & Development,Medical,Female,Laboratory Technician,,1,3
31,No,Research & Development,Technical Degree,Female,Manufacturing Director,,2,9
39,No,Research & Development,Life Sciences,Male,Laboratory Technician,,1,9
32,No,Sales,Life Sciences,Male,Sales Executive,,3,10
40,No,Sales,Medical,Male,Manager,,1,21
45,No,Human Resources,Life Sciences,Female,Human Resources,,4,9
30,No,Research & Development,Technical Degree,Female,Research Scientist,,0,10
24,No,Human Resources,Medical,Male,Human Resources,,0,3
30,Yes,Human Resources,Human Resources,Female,Human Resources,,6,6
31,No,Sales,Technical Degree,Male,Sales Executive,,1,6
27,No,Research & Development,Medical,Female,Research Scientist,,1,6
29,Yes,Sales,Marketing,Female,Sales Representative,,1,2
29,No,Research & Development,Life Sciences,Male,Healthcare Representative,,8,10
30,No,Sales,Marketing,Male,Sales Executive,,2,12
34,No,Research & Development,Medical,Male,Research Scientist,,0,6
33,No,Sales,Marketing,Female,Sales Executive,,8,13
49,No,Sales,Marketing,Female,Sales Executive,,3,8
33,Yes,Sales,Life Sciences,Female,Sales Executive,,2,11
38,No,Research & Development,Medical,Female,Laboratory Technician,,4,9
31,Yes,Sales,Marketing,Male,Sales Executive,,2,10
29,No,Research & Development,Technical Degree,Female,Research Scientist,,1,1
30,No,Research & Development,Life Sciences,Male,Healthcare Representative,,3,10
32,No,Research & Development,Technical Degree,Male,Research Scientist,,2,12
38,No,Research & Development,Medical,Male,Healthcare Representative,,3,15
43,Yes,Research & Development,Technical Degree,Male,Research Scientist,,9,6
42,No,Research & Development,Medical,Male,Laboratory Technician,,8,7
55,No,Research & Development,Medical,Male,Research Director,,8,34
33,No,Research & Development,Technical Degree,Male,Research Scientist,,5,11
41,No,Research & Development,Life Sciences,Male,Laboratory Technician,,1,5
34,No,Sales,Life Sciences,Male,Sales Executive,,1,15
53,No,Research & Development,Medical,Female,Manufacturing Director,,4,27
43,No,Human Resources,Life Sciences,Male,Human Resources,,0,10
34,No,Sales,Life Sciences,Female,Sales Executive,,5,6
21,Yes,Sales,Marketing,Male,Sales Representative,,1,1
38,No,Research & Development,Other,Female,Laboratory Technician,,1,5
22,Yes,Research & Development,Medical,Female,Laboratory Technician,,1,1
31,No,Sales,Marketing,Female,Sales Executive,,1,13
51,No,Research & Development,Technical Degree,Female,Manager,,2,15
37,No,Sales,Marketing,Male,Sales Executive,,1,5
46,No,Research & Development,Medical,Male,Research Director,,7,24
36,No,Research & Development,Life Sciences,Male,Healthcare Representative,,7,15
44,Yes,Research & Development,Medical,Male,Research Scientist,,1,6
37,No,Human Resources,Other,Male,Human Resources,,2,19
35,Yes,Sales,Life Sciences,Male,Sales Executive,,1,10
33,No,Research & Development,Life Sciences,Male,Research Scientist,,6,14
28,No,Research & Development,Life Sciences,Male,Research Scientist,,1,5
39,No,Research & Development,Medical,Male,Research Director,,7,9
46,No,Sales,Life Sciences,Male,Sales Executive,,8,6
40,No,Research & Development,Life Sciences,Female,Laboratory Technician,,4,7
42,No,Research & Development,Medical,Male,Healthcare Representative,,5,10
35,No,Research & Development,Medical,Male,Manufacturing Director,,2,15
38,No,Human Resources,Human Resources,Male,Human Resources,,5,13
34,Yes,Research & Development,Life Sciences,Male,Laboratory Technician,,4,11
37,Yes,Research & Development,Medical,Male,Manufacturing Director,,1,10
39,No,Sales,Life Sciences,Male,Sales Executive,,2,7
43,No,Research & Development,Life Sciences,Male,Research Scientist,,4,7
41,No,Research & Development,Life Sciences,Male,Healthcare Representative,,3,11
41,No,Sales,Marketing,Female,Sales Executive,,0,23
30,No,Research & Development,Medical,Female,Manufacturing Director,,9,9
26,Yes,Human Resources,Medical,Female,Human Resources,,0,6
46,Yes,Research & Development,Medical,Female,Healthcare Representative,,4,13
40,No,Research & Development,Life Sciences,Female,Healthcare Representative,,4,12
34,No,Sales,Technical Degree,Male,Sales Executive,,1,10
58,No,Sales,Medical,Male,Manager,,4,37
35,No,Research & Development,Medical,Male,Laboratory Technician,,0,6
47,No,Research & Development,Life Sciences,Female,Manufacturing Director,,8,28
40,No,Research & Development,Life Sciences,Female,Healthcare Representative,,2,15
54,No,Research & Development,Medical,Female,Research Scientist,,4,14
31,No,Sales,Marketing,Female,Sales Executive,,2,9
28,No,Research & Development,Medical,Female,Research Scientist,,1,3
38,No,Sales,Marketing,Female,Sales Representative,,2,20
26,No,Sales,Medical,Male,Sales Executive,,1,5
58,No,Research & Development,Life Sciences,Male,Research Director,,2,23
18,No,Research & Development,Medical,Female,Research Scientist,,1,0
31,Yes,Human Resources,Human Resources,Male,Human Resources,,0,2
29,Yes,Human Resources,Human Resources,Male,Human Resources,,4,4
45,No,Sales,Life Sciences,Female,Sales Executive,,4,10
36,No,Research & Development,Other,Female,Research Scientist,,4,15
43,No,Sales,Life Sciences,Male,Sales Executive,,1,7
27,No,Research & Development,Life Sciences,Female,Laboratory Technician,,0,6
29,No,Research & Development,Medical,Male,Laboratory Technician,,1,11
32,No,Sales,Marketing,Male,Sales Executive,,8,4
42,No,Research & Development,Technical Degree,Male,Research Scientist,,3,10
47,No,Research & Development,Life Sciences,Female,Laboratory Technician,,4,7
46,No,Research & Development,Life Sciences,Male,Manufacturing Director,,3,12
28,No,Human Resources,Life Sciences,Male,Human Resources,,1,3
29,No,Research & Development,Life Sciences,Male,Healthcare Representative,,8,11
42,No,Research & Development,Life Sciences,Male,Laboratory Technician,,4,8
32,Yes,Sales,Marketing,Male,Sales Executive,,7,7
46,No,Sales,Technical Degree,Female,Sales Executive,,2,25
27,No,Sales,Medical,Female,Sales Representative,,1,9
29,No,Human Resources,Medical,Male,Human Resources,,1,1
43,No,Research & Development,Medical,Female,Manager,,7,21
48,No,Research & Development,Life Sciences,Male,Research Director,,4,29
29,Yes,Research & Development,Life Sciences,Male,Research Scientist,,1,1
46,Yes,Sales,Life Sciences,Female,Sales Executive,,5,14
27,No,Research & Development,Life Sciences,Female,Research Scientist,,0,8
39,No,Research & Development,Other,Male,Research Scientist,,8,7
55,No,Research & Development,Technical Degree,Male,Research Scientist,,8,19
28,No,Sales,Medical,Female,Sales Representative,,1,1
30,Yes,Sales,Medical,Male,Sales Representative,,1,1
22,Yes,Research & Development,Life Sciences,Male,Research Scientist,,1,1
36,No,Sales,Technical Degree,Female,Sales Executive,,1,10
31,No,Research & Development,Life Sciences,Male,Laboratory Technician,,1,10
34,No,Sales,Life Sciences,Male,Sales Executive,,2,9
29,No,Research & Development,Life Sciences,Male,Laboratory Technician,,3,11
37,No,Research & Development,Medical,Male,Research Scientist,,5,16
35,No,Research & Development,Other,Female,Manufacturing Director,,0,4
45,No,Research & Development,Life Sciences,Female,Manufacturing Director,,0,10
36,No,Human Resources,Human Resources,Male,Human Resources,,1,10
40,No,Research & Development,Life Sciences,Male,Manager,,2,22
26,No,Research & Development,Life Sciences,Female,Research Scientist,,1,1
27,No,Sales,Medical,Female,Sales Executive,,0,9
48,No,Research & Development,Medical,Female,Manager,,3,24
44,No,Research & Development,Life Sciences,Male,Healthcare Representative,,2,10
34,Yes,Research & Development,Technical Degree,Male,Research Scientist,,1,5
56,Yes,Research & Development,Life Sciences,Male,Laboratory Technician,,1,5
36,No,Sales,Marketing,Male,Sales Executive,,2,12
41,No,Sales,Marketing,Female,Sales Executive,,5,14
42,No,Research & Development,Medical,Male,Research Director,,9,18
31,No,Sales,Medical,Female,Sales Executive,,2,8
34,No,Sales,Medical,Female,Sales Executive,,3,9
31,No,Research & Development,Medical,Female,Laboratory Technician,,8,4
26,No,Research & Development,Other,Male,Laboratory Technician,,0,8
45,No,Research & Development,Medical,Male,Healthcare Representative,,4,12
33,No,Sales,Marketing,Male,Sales Executive,,1,10
28,No,Sales,Life Sciences,Male,Sales Executive,,1,7
29,Yes,Sales,Technical Degree,Male,Sales Representative,,1,1
39,No,Sales,Life Sciences,Female,Sales Executive,,6,10
27,No,Research & Development,Technical Degree,Male,Research Scientist,,1,6
34,No,Research & Development,Other,Male,Research Scientist,,1,16
28,Yes,Sales,Marketing,Female,Sales Executive,,3,6
47,No,Research & Development,Technical Degree,Male,Research Scientist,,8,16
56,No,Sales,Marketing,Female,Sales Executive,,4,6
39,No,Research & Development,Medical,Male,Manufacturing Director,,1,10
38,No,Research & Development,Medical,Female,Research Scientist,,1,20
58,No,Sales,Life Sciences,Female,Manager,,4,29
32,Yes,Research & Development,Life Sciences,Female,Research Scientist,,3,8
38,No,Research & Development,Life Sciences,Male,Research Scientist,,2,10
49,No,Research & Development,Life Sciences,Male,Research Director,,3,28
42,No,Sales,Marketing,Male,Sales Executive,,3,14
27,Yes,Human Resources,Human Resources,Female,Human Resources,,1,1
35,No,Sales,Medical,Male,Sales Executive,,0,6
28,No,Research & Development,Medical,Male,Research Scientist,,1,5
31,No,Research & Development,Medical,Male,Research Scientist,,1,4
36,No,Research & Development,Life Sciences,Male,Laboratory Technician,,1,5
34,No,Sales,Marketing,Male,Sales Executive,,1,14
34,No,Sales,Medical,Male,Sales Executive,,1,9
26,No,Research & Development,Medical,Male,Laboratory Technician,,0,8
29,No,Research & Development,Life Sciences,Male,Healthcare Representative,,0,6
32,No,Research & Development,Medical,Female,Healthcare Representative,,5,9
31,No,Research & Development,Life Sciences,Male,Research Scientist,,1,10
28,Yes,Research & Development,Technical Degree,Male,Laboratory Technician,,5,6
38,No,Sales,Life Sciences,Male,Sales Representative,,4,20
35,No,Sales,Life Sciences,Female,Sales Executive,,1,10
27,No,Sales,Marketing,Male,Sales Executive,,1,7
32,No,Research & Development,Life Sciences,Male,Manufacturing Director,,8,8
31,Yes,Sales,Marketing,Male,Sales Executive,,1,10
53,Yes,Sales,Life Sciences,Male,Sales Executive,,6,15
54,No,Research & Development,Life Sciences,Female,Research Scientist,,3,9
33,No,Research & Development,Life Sciences,Male,Healthcare Representative,,1,9
43,No,Research & Development,Life Sciences,Male,Healthcare Representative,,1,10
38,No,Human Resources,Other,Male,Human Resources,,0,7
55,No,Human Resources,Human Resources,Male,Manager,,4,35
31,No,Research & Development,Medical,Female,Laboratory Technician,,1,1
39,No,Sales,Marketing,Male,Sales Executive,,0,21
42,No,Research & Development,Life Sciences,Male,Research Scientist,,1,20
31,No,Research & Development,Medical,Female,Research Director,,4,13
54,No,Research & Development,Medical,Female,Manufacturing Director,,6,9
24,No,Research & Development,Life Sciences,Male,Healthcare Representative,,1,4
23,No,Research & Development,Other,Male,Laboratory Technician,,1,5
40,No,Research & Development,Technical Degree,Female,Laboratory Technician,,1,10
40,No,Sales,Marketing,Female,Sales Executive,,3,15
25,No,Human Resources,Human Resources,Female,Human Resources,,4,6
30,No,Research & Development,Medical,Male,Laboratory Technician,,1,12
25,No,Research & Development,Other,Male,Laboratory Technician,,6,7
47,No,Research & Development,Medical,Male,Healthcare Representative,,2,25
33,No,Research & Development,Medical,Male,Laboratory Technician,,1,1
38,No,Sales,Life Sciences,Male,Sales Executive,,0,16
31,No,Sales,Life Sciences,Male,Sales Representative,,0,3
38,No,Research & Development,Life Sciences,Male,Manufacturing Director,,2,10
42,No,Research & Development,Life Sciences,Male,Research Scientist,,6,9
41,No,Research & Development,Life Sciences,Male,Research Scientist,,3,12
47,No,Research & Development,Medical,Female,Research Director,,0,14
35,No,Research & Development,Medical,Male,Laboratory Technician,,7,5
22,No,Research & Development,Life Sciences,Male,Research Scientist,,0,4
35,No,Research & Development,Medical,Male,Research Scientist,,1,10
33,No,Research & Development,Medical,Female,Healthcare Representative,,0,10
32,No,Research & Development,Life Sciences,Female,Laboratory Technician,,1,6
40,No,Research & Development,Life Sciences,Male,Laboratory Technician,,8,8
32,No,Sales,Medical,Male,Sales Representative,,0,3
39,No,Research & Development,Life Sciences,Male,Research Scientist,,7,18
38,No,Research & Development,Medical,Female,Research Director,,3,20
32,No,Sales,Marketing,Female,Sales Executive,,1,14
37,No,Research & Development,Life Sciences,Female,Research Director,,1,16
25,No,Sales,Other,Female,Sales Executive,,0,6
52,No,Sales,Life Sciences,Male,Sales Representative,,2,16
44,No,Research & Development,Medical,Male,Research Scientist,,6,6
21,No,Sales,Medical,Male,Sales Representative,,1,2
39,No,Research & Development,Life Sciences,Male,Manager,,2,21
23,Yes,Sales,Marketing,Male,Sales Representative,,1,1
36,No,Sales,Medical,Female,Sales Executive,,0,10
36,No,Research & Development,Life Sciences,Female,Manufacturing Director,,7,18
56,No,Research & Development,Life Sciences,Male,Healthcare Representative,,1,13
29,Yes,Research & Development,Medical,Male,Research Scientist,,9,4
42,No,Research & Development,Life Sciences,Male,Manager,,5,24
56,Yes,Research & Development,Technical Degree,Male,Laboratory Technician,,8,14
41,No,Research & Development,Life Sciences,Female,Manufacturing Director,,0,21
34,No,Sales,Marketing,Female,Sales Executive,,1,8
36,No,Sales,Marketing,Male,Sales Executive,,1,15
41,No,Sales,Life Sciences,Male,Sales Executive,,2,14
32,No,Research & Development,Technical Degree,Male,Research Scientist,,1,4
35,No,Human Resources,Life Sciences,Female,Human Resources,,1,9
38,No,Sales,Life Sciences,Female,Sales Executive,,1,10
50,Yes,Sales,Life Sciences,Male,Sales Executive,,7,12
36,No,Sales,Marketing,Female,Sales Executive,,4,8
45,No,Sales,Life Sciences,Female,Sales Executive,,8,8
40,No,Research & Development,Life Sciences,Male,Research Scientist,,2,8
35,No,Research & Development,Life Sciences,Male,Healthcare Representative,,1,10
40,No,Research & Development,Medical,Female,Research Scientist,,2,20
35,No,Research & Development,Life Sciences,Female,Research Scientist,,1,4
29,No,Research & Development,Other,Male,Laboratory Technician,,4,10
29,No,Research & Development,Medical,Female,Research Scientist,,1,5
50,Yes,Sales,Marketing,Male,Sales Executive,,4,20
39,No,Sales,Marketing,Female,Sales Executive,,0,21
31,No,Research & Development,Medical,Male,Manufacturing Director,,0,10
26,No,Sales,Other,Female,Sales Representative,,0,5
36,No,Research & Development,Medical,Male,Laboratory Technician,,4,17
39,No,Research & Development,Medical,Male,Healthcare Representative,,4,9
27,No,Research & Development,Life Sciences,Male,Manufacturing Director,,1,6
49,No,Sales,Medical,Male,Sales Executive,,2,17
34,No,Research & Development,Medical,Male,Laboratory Technician,,2,6